observation_date,FDHBFIN,FDHBFIN_CCA,FDHBFIN_CCH,FDHBFIN_CH1,FDHBFIN_CHG,FDHBFIN_LOG,FDHBFIN_PC1,FDHBFIN_PCA,FDHBFIN_PCH,FDHBFRBN,FDHBFRBN_CCA,FDHBFRBN_CCH,FDHBFRBN_CH1,FDHBFRBN_CHG,FDHBFRBN_LOG,FDHBFRBN_PC1,FDHBFRBN_PCA,FDHBFRBN_PCH,FDHBPIN,FDHBPIN_CCA,FDHBPIN_CCH,FDHBPIN_CH1,FDHBPIN_CHG,FDHBPIN_LOG,FDHBPIN_PC1,FDHBPIN_PCA,FDHBPIN_PCH,FYGFDPUN,FYGFDPUN_CCA,FYGFDPUN_CCH,FYGFDPUN_CH1,FYGFDPUN_CHG,FYGFDPUN_LOG,FYGFDPUN_PC1,FYGFDPUN_PCA,FYGFDPUN_PCH
1980-01-01,125.0,19.67610,4.91902,-7.8,6.0,4.82831,-5.87349,21.74530,5.04202,116.700,-2.73272,-0.68318,5.800,-0.800,4.75961,5.22994,-2.69572,-0.68085,560.5,14.53384,3.63346,40.9,20.0,6.32883,7.87144,15.64309,3.70028,667123,5.52726,1.38181,36605,9155,13.41073,5.80554,5.68286,1.39141
1980-04-01,118.2,-22.37425,-5.59356,-1.3,-6.8,4.77238,-1.08787,-20.04790,-5.44000,124.500,25.87967,6.46992,14.800,7.800,4.82431,13.49134,29.53704,6.68380,558.2,-1.64477,-0.41119,41.6,-2.3,6.32472,8.05265,-1.63132,-0.41035,682710,9.23829,2.30957,56322,15587,13.43383,8.99155,9.67847,2.33645
1980-07-01,124.7,21.41310,5.35327,0.5,6.5,4.82591,0.40258,23.87849,5.49915,120.700,-12.39904,-3.09976,5.200,-3.800,4.79331,4.50216,-11.66116,-3.05221,589.2,21.61935,5.40484,65.8,31.0,6.37877,12.57165,24.13425,5.55357,709958,15.65426,3.91356,71122,27248,13.47296,11.13306,16.94605,3.99115
1980-10-01,129.7,15.72530,3.93132,10.7,5.0,4.86522,8.99160,17.02916,4.00962,121.300,1.98348,0.49587,3.800,0.600,4.79827,3.23404,2.00328,0.49710,616.4,18.05217,4.51304,75.9,27.2,6.42390,14.04255,19.78421,4.61643,737746,15.35751,3.83938,79778,27788,13.51135,12.12491,16.59954,3.91403
1981-01-01,138.2,25.39113,6.34778,13.2,8.5,4.92870,10.56000,28.90574,6.55359,119.000,-7.65733,-1.91433,2.300,-2.300,4.77912,1.97087,-7.37150,-1.89613,654.6,24.05130,6.01283,94.1,38.2,6.48402,16.78858,27.19015,6.19727,773676,19.02144,4.75536,106553,35930,13.55891,15.97202,20.95088,4.87024
1981-04-01,136.6,-4.65799,-1.16450,18.4,-1.6,4.91706,15.56684,-4.55117,-1.15774,120.000,3.34730,0.83682,-4.500,1.000,4.78749,-3.61446,3.40395,0.84034,651.2,-2.08302,-0.52075,93.0,-3.4,6.47882,16.66070,-2.06147,-0.51940,771255,-1.25365,-0.31341,88545,-2421,13.55577,12.96964,-1.24582,-0.31292
1981-07-01,130.7,-17.66093,-4.41523,6.0,-5.9,4.87290,4.81155,-16.18928,-4.31918,124.300,14.08250,3.52063,3.600,4.300,4.82270,2.98260,15.12232,3.58333,665.4,8.62862,2.15715,76.2,14.2,6.50039,12.93279,9.01183,2.18059,789799,9.50377,2.37594,79841,18544,13.57953,11.24588,9.97003,2.40439
1981-10-01,136.6,17.66093,4.41523,6.9,5.9,4.91706,5.31997,19.31648,4.51415,131.000,20.99973,5.24993,9.700,6.700,4.87520,7.99670,23.36747,5.39019,694.5,17.12152,4.28038,78.1,29.1,6.54319,12.67034,18.67461,4.37331,825509,17.68867,4.42217,87763,35710,13.62376,11.89610,19.34959,4.52140
1982-01-01,136.1,-1.46681,-0.36670,-2.1,-0.5,4.91339,-1.51954,-1.45611,-0.36603,126.600,-13.66593,-3.41648,7.600,-4.400,4.84103,6.38655,-12.77326,-3.35878,733.3,21.74509,5.43627,78.7,38.8,6.59755,12.02261,24.29044,5.58675,858888,15.85535,3.96384,85212,33379,13.66339,11.01391,17.18146,4.04344
1982-04-01,137.2,3.21992,0.80498,0.6,1.1,4.92144,0.43924,3.27232,0.80823,127.000,1.26183,0.31546,7.000,0.400,4.84419,5.83333,1.26983,0.31596,740.9,4.12431,1.03108,89.7,7.6,6.60787,13.77457,4.21054,1.03641,867916,4.18256,1.04564,96661,9028,13.67385,12.53295,4.27126,1.05113
1982-07-01,140.6,9.79171,2.44793,9.9,3.4,4.94592,7.57460,10.28713,2.47813,134.400,22.65334,5.66333,10.100,7.400,4.90082,8.12550,25.42445,5.82677,791.2,26.27405,6.56851,125.8,50.3,6.67355,18.90592,30.04892,6.78904,925631,25.75229,6.43807,135832,57715,13.73823,17.19830,29.37215,6.64984
1982-10-01,149.5,24.55097,6.13774,12.9,8.9,5.00730,9.44363,27.82726,6.33001,139.300,14.32378,3.58095,8.300,4.900,4.93663,6.33588,15.40042,3.64583,848.4,27.92058,6.98014,153.9,57.2,6.74335,22.15983,32.20794,7.22952,987719,25.96903,6.49226,162210,62088,13.80315,19.64969,29.65285,6.70764
1983-01-01,156.2,17.53634,4.38408,20.1,6.7,5.05114,14.76855,19.16792,4.48161,136.700,-7.53645,-1.88411,10.100,-2.600,4.91779,7.97788,-7.25947,-1.86648,906.6,26.53965,6.63491,173.3,58.2,6.80970,23.63289,30.39478,6.85997,1043339,21.91327,5.47832,184451,55620,13.85794,21.47556,24.49965,5.63116
1983-04-01,160.1,9.86455,2.46614,22.9,3.9,5.07580,16.69096,10.36750,2.49680,141.700,14.36936,3.59234,14.700,5.000,4.95371,11.57480,15.45303,3.65764,948.6,18.11435,4.52859,207.7,42.0,6.85499,28.03347,19.85872,4.63269,1090291,17.60739,4.40185,222375,46952,13.90196,25.62172,19.25262,4.50017
1983-07-01,160.1,0.00000,0.00000,19.5,0.0,5.07580,13.86913,0.00000,0.00000,155.400,36.91612,9.22903,21.000,13.700,5.04600,15.62500,44.65207,9.66831,982.7,14.12667,3.53167,191.5,34.1,6.89030,24.20374,15.17318,3.59477,1138188,17.19716,4.29929,212557,47897,13.94495,22.96347,18.76441,4.39305
1983-10-01,166.3,15.19791,3.79948,16.8,6.2,5.11379,11.23746,16.41359,3.87258,151.900,-9.11201,-2.27800,12.600,-3.500,5.02322,9.04523,-8.70919,-2.25225,1022.6,15.91992,3.97998,174.2,39.9,6.93010,20.53277,17.25715,4.06024,1174425,12.53646,3.13411,186706,36237,13.97629,18.90274,13.35616,3.18374
1984-01-01,166.3,0.00000,0.00000,10.1,0.0,5.11379,6.46607,0.00000,0.00000,150.800,-2.90718,-0.72680,14.100,-1.100,5.01595,10.31456,-2.86533,-0.72416,1073.0,19.24402,4.81101,166.4,50.4,6.97821,18.35429,21.22041,4.92861,1223898,16.50487,4.12622,180559,49473,14.01755,17.30588,17.94506,4.21253
1984-04-01,171.6,12.54912,3.13728,11.5,5.3,5.14517,7.18301,13.37052,3.18701,152.900,5.53186,1.38297,11.200,2.100,5.02978,7.90402,5.68773,1.39257,1102.2,10.73989,2.68497,153.6,29.2,7.00506,16.19228,11.33783,2.72134,1255100,10.06976,2.51744,164809,31202,14.04273,15.11606,10.59422,2.54940
1984-07-01,175.6,9.21700,2.30425,15.5,4.0,5.16821,9.68145,9.65512,2.33100,155.000,5.45640,1.36410,-0.400,2.100,5.04343,-0.25740,5.60801,1.37345,1154.1,18.40505,4.60126,171.4,51.9,7.05108,17.44174,20.20766,4.70876,1309183,16.87521,4.21880,170995,54083,14.08491,15.02344,18.38266,4.30906
1984-10-01,192.9,37.58530,9.39632,26.6,17.3,5.26217,15.99519,45.62330,9.85194,160.900,14.94317,3.73579,9.000,5.900,5.08078,5.92495,16.11742,3.80645,1212.5,19.74541,4.93635,189.9,58.4,7.10044,18.57031,21.82971,5.06022,1373366,19.14455,4.78614,198941,64183,14.13278,16.93944,21.09989,4.90252
1985-01-01,199.6,13.65738,3.41434,33.3,6.7,5.29632,20.02405,14.63394,3.47330,161.000,0.24852,0.06213,10.200,0.100,5.08140,6.76393,0.24883,0.06215,1254.1,13.49354,3.37338,181.1,41.6,7.13417,16.87791,14.44628,3.43093,1415232,12.01153,3.00288,191334,41866,14.16280,15.63317,12.76268,3.04842
1985-04-01,213.8,27.49025,6.87256,42.2,14.2,5.36504,24.59207,31.64024,7.11423,169.100,19.63436,4.90859,16.200,8.100,5.13049,10.59516,21.69449,5.03106,1292.0,11.90929,2.97732,189.8,37.9,7.16395,17.22011,12.64745,3.02209,1460484,12.58976,3.14744,205384,45252,14.19428,16.36396,13.41661,3.19750
1985-07-01,222.9,16.67290,4.16822,47.3,9.1,5.40672,26.93622,18.14340,4.25631,169.700,1.41677,0.35419,14.700,0.600,5.13403,9.48387,1.42685,0.35482,1338.2,14.05361,3.51340,184.1,46.2,7.19908,15.95182,15.08906,3.57585,1506558,12.42388,3.10597,197375,46074,14.22534,15.07620,13.22862,3.15471
1985-10-01,224.8,3.39515,0.84879,31.9,1.9,5.41521,16.53707,3.45344,0.85240,181.300,26.44838,6.61209,20.400,11.600,5.20015,12.67868,30.27583,6.83559,1417.2,22.94307,5.73577,204.7,79.0,7.25644,16.88247,25.78837,5.90345,1597083,23.34050,5.83513,223717,90525,14.28369,16.28969,26.28929,6.00873
1986-01-01,232.6,13.64365,3.41091,33.0,7.8,5.44932,16.53307,14.61821,3.46975,184.800,7.64842,1.91210,23.800,3.500,5.21927,14.78261,7.94851,1.93050,1473.1,15.47437,3.86859,219.0,55.9,7.29512,17.46272,16.73588,3.94440,1634259,9.20426,2.30107,219027,37176,14.30670,15.47640,9.64115,2.32774
1986-04-01,250.9,30.29369,7.57342,37.1,18.3,5.52505,17.35267,35.38290,7.86758,183.900,-1.95281,-0.48820,14.800,-0.900,5.21439,8.75222,-1.93387,-0.48701,1502.7,7.95779,1.98945,210.7,29.6,7.31502,16.30805,8.28299,2.00937,1684939,12.21595,3.05399,224455,50680,14.33724,15.36854,12.99343,3.10110
1986-07-01,265.5,22.62415,5.65604,42.6,14.6,5.58161,19.11171,25.38785,5.81905,190.800,14.73345,3.68336,21.100,6.900,5.25123,12.43371,15.87415,3.75204,1553.3,13.24728,3.31182,215.1,50.6,7.34814,16.07383,14.16480,3.36727,1742445,13.42398,3.35599,235887,57506,14.37080,15.65735,14.36670,3.41294
1986-10-01,263.4,-3.17642,-0.79411,38.6,-2.1,5.57367,17.17082,-3.12650,-0.79096,211.300,40.82127,10.20532,30.000,20.500,5.35328,16.54716,50.41270,10.74423,1602.0,12.34846,3.08711,184.8,48.7,7.37901,13.03980,13.14326,3.13526,1811744,15.60025,3.90006,214661,69299,14.40980,13.44082,16.88291,3.97711
1987-01-01,272.8,14.02605,3.50651,40.2,9.4,5.60874,17.28289,15.05735,3.56872,196.400,-29.25021,-7.31255,11.600,-14.900,5.28015,6.27706,-25.36063,-7.05159,1641.4,9.71868,2.42967,168.3,39.4,7.40330,11.42489,10.20662,2.45943,1839271,6.03175,1.50794,205012,27527,14.42488,12.54465,6.21738,1.51936
1987-04-01,281.1,11.98862,2.99716,30.2,8.3,5.63871,12.03667,12.73686,3.04252,212.300,31.13879,7.78470,28.400,15.900,5.35800,15.44318,36.53187,8.09572,1658.1,4.04913,1.01228,155.4,16.7,7.41343,10.34139,4.13223,1.01742,1871150,6.87357,1.71839,186211,31879,14.44206,11.05150,7.11530,1.73324
1987-07-01,279.5,-2.28327,-0.57082,14.0,-1.6,5.63300,5.27307,-2.25740,-0.56919,211.900,-0.75436,-0.18859,21.100,-0.400,5.35611,11.05870,-0.75152,-0.18841,1680.7,5.41520,1.35380,127.4,22.6,7.42697,8.20189,5.56451,1.36301,1893110,4.66711,1.16678,150665,21960,14.45373,8.64676,4.77773,1.17361
1987-10-01,299.7,27.91187,6.97797,36.3,20.2,5.70278,13.78132,32.19643,7.22719,222.600,19.70479,4.92620,11.300,10.700,5.40538,5.34785,21.78024,5.04955,1731.4,11.88798,2.97200,129.4,50.7,7.45669,8.07740,12.62346,3.01660,1954065,12.67634,3.16908,142321,60955,14.48542,7.85547,13.51484,3.21983
1988-01-01,332.5,41.54315,10.38579,59.7,32.8,5.80664,21.88416,51.50244,10.94428,217.500,-9.27104,-2.31776,21.100,-5.100,5.38220,10.74338,-8.85425,-2.29111,1779.6,10.98332,2.74583,138.2,48.2,7.48414,8.41964,11.60918,2.78387,1996711,8.63580,2.15895,157440,42646,14.50701,8.55991,9.01966,2.18242
1988-04-01,345.4,15.22532,3.80633,64.3,12.9,5.84470,22.87442,16.44551,3.87970,227.600,18.15634,4.53909,15.300,10.100,5.42759,7.20678,19.90906,4.64368,1786.7,1.59269,0.39817,128.6,7.1,7.48813,7.75587,1.60544,0.39897,2013414,3.33218,0.83305,142264,16703,14.51534,7.60302,3.38832,0.83653
1988-07-01,345.9,0.57862,0.14466,66.4,0.5,5.84615,23.75671,0.58030,0.14476,229.200,2.80211,0.70053,17.300,1.600,5.43459,8.16423,2.84174,0.70299,1821.2,7.65011,1.91253,140.5,34.5,7.50725,8.35961,7.95034,1.93093,2051735,7.54160,1.88540,158625,38321,14.53420,8.37907,7.83326,1.90328
1988-10-01,362.2,18.41873,4.60468,62.5,16.3,5.89220,20.85419,20.22410,4.71234,238.400,15.74198,3.93550,15.800,9.200,5.47395,7.09793,17.04869,4.01396,1858.5,8.10963,2.02741,127.1,37.3,7.52752,7.34088,8.44754,2.04810,2095179,8.38129,2.09532,141114,43444,14.55515,7.22156,8.74254,2.11743
1989-01-01,373.5,12.28858,3.07215,41.0,11.3,5.92292,12.33083,13.07553,3.11982,228.600,-16.79047,-4.19762,11.100,-9.800,5.43197,5.10345,-15.45656,-4.11074,1903.4,9.54882,2.38720,123.8,44.9,7.55140,6.95662,10.01958,2.41593,2133419,7.23475,1.80869,136708,38240,14.57324,6.84666,7.50288,1.82514
1989-04-01,366.4,-7.67695,-1.91924,21.0,-7.1,5.90373,6.07991,-7.38967,-1.90094,231.800,5.56047,1.39012,4.200,3.200,5.44587,1.84534,5.71797,1.39983,1909.1,1.19607,0.29902,122.4,5.7,7.55439,6.85062,1.20325,0.29946,2142122,1.62843,0.40711,128708,8703,14.57731,6.39253,1.64176,0.40794
1989-07-01,391.8,26.81035,6.70259,45.9,25.4,5.97075,13.26973,30.74824,6.93231,221.100,-18.90394,-4.72598,-8.100,-10.700,5.39862,-3.53403,-17.22461,-4.61605,1958.3,10.17793,2.54448,137.1,49.2,7.57983,7.52800,10.71391,2.57713,2180726,7.14437,1.78609,128991,38604,14.59517,6.28692,7.40577,1.80214
1989-10-01,426.1,33.56902,8.39226,63.9,34.3,6.05467,17.64219,39.89056,8.75447,226.800,10.18139,2.54535,-11.600,5.700,5.42407,-4.86577,10.71774,2.57802,2017.4,11.89312,2.97328,158.9,59.1,7.60956,8.54991,12.62924,3.01792,2245171,11.64954,2.91238,149992,64445,14.62429,7.15891,12.35523,2.95521
1990-01-01,445.4,17.71948,4.42987,71.9,19.3,6.09897,19.25033,19.38636,4.52945,217.900,-16.01293,-4.00323,-10.700,-8.900,5.38404,-4.68066,-14.79664,-3.92416,2116.6,19.20059,4.80015,213.2,99.2,7.65757,11.20101,21.16777,4.91722,2329264,14.70826,3.67707,195845,84093,14.66106,9.17987,15.84496,3.74551
1990-04-01,451.0,4.99783,1.24946,84.6,5.6,6.11147,23.08952,5.12483,1.25730,231.400,24.04463,6.01116,-0.400,13.500,5.44415,-0.17256,27.18166,6.19550,2140.0,4.39792,1.09948,230.9,23.4,7.66856,12.09470,4.49606,1.10555,2368772,6.72774,1.68193,226650,39508,14.67788,10.58063,6.95921,1.69616
1990-07-01,463.8,11.19443,2.79861,72.0,12.8,6.13945,18.37672,11.84506,2.83814,234.400,5.15250,1.28812,13.300,3.000,5.45703,6.01538,5.28755,1.29646,2207.3,12.38569,3.09642,249.0,67.3,7.69953,12.71511,13.18539,3.14486,2437551,11.44887,2.86222,256825,68779,14.70650,11.77704,12.12999,2.90357
1990-10-01,487.1,19.60641,4.90160,61.0,23.3,6.18847,14.31589,21.66048,5.02372,235.100,1.19276,0.29819,8.300,0.700,5.46001,3.65961,1.19990,0.29863,2305.3,17.37631,4.34408,287.9,98.0,7.74297,14.27084,18.97737,4.43981,2536545,15.92363,3.98091,291374,98994,14.74631,12.97781,17.26150,4.06121
1991-01-01,492.0,4.00371,1.00093,46.6,4.9,6.19848,10.46251,4.08494,1.00595,241.000,9.91439,2.47860,23.100,5.900,5.48480,10.60119,10.42252,2.50957,2360.6,9.48200,2.37050,244.0,55.3,7.76667,11.52792,9.94610,2.39882,2598351,9.62964,2.40741,269087,61806,14.77039,11.55245,10.10854,2.43662
1991-04-01,502.0,8.04856,2.01214,51.0,10.0,6.21860,11.30820,8.38133,2.03252,247.500,10.64546,2.66136,16.100,6.500,5.51141,6.95765,11.23274,2.69710,2398.9,6.43779,1.60945,258.9,38.3,7.78277,12.09813,6.64954,1.62247,2642863,6.79431,1.69858,274091,44512,14.78737,11.57102,7.03045,1.71309
1991-07-01,506.3,3.41170,0.85293,42.5,4.3,6.22713,9.16343,3.47057,0.85657,258.600,17.54875,4.38719,24.200,11.100,5.55528,10.32423,19.18271,4.48485,2498.4,16.25609,4.06402,291.1,99.5,7.82341,13.18806,17.65200,4.14773,2745729,15.27353,3.81838,308178,102866,14.82556,12.64294,16.50165,3.89222
1991-10-01,520.9,11.37148,2.84287,33.8,14.6,6.25556,6.93903,12.04326,2.88367,266.500,12.03671,3.00918,31.400,7.900,5.58537,13.35602,12.79108,3.05491,2578.5,12.62292,3.15573,273.2,80.1,7.85496,11.85095,13.45422,3.20605,2833034,12.52064,3.13016,296489,87305,14.85686,11.68869,13.33824,3.17967
1992-01-01,536.4,11.72883,2.93221,44.4,15.5,6.28488,9.02439,12.44435,2.97562,265.800,-1.05204,-0.26301,24.800,-0.700,5.58274,10.29046,-1.04652,-0.26266,2665.8,13.31855,3.32964,305.2,87.3,7.88826,12.92892,14.24619,3.38569,2917630,11.76937,2.94234,319279,84596,14.88628,12.28775,12.48995,2.98606
1992-04-01,558.2,15.93487,3.98372,56.2,21.8,6.32472,11.19522,17.27468,4.06413,276.900,16.36491,4.09123,29.400,11.100,5.62366,11.87879,17.78010,4.17607,2712.4,6.93186,1.73297,313.5,46.6,7.90559,13.06849,7.17776,1.74807,2976774,8.02741,2.00685,333911,59144,14.90635,12.63444,8.35840,2.02712
1992-07-01,562.8,3.28280,0.82070,56.5,4.6,6.33292,11.15939,3.33728,0.82408,279.700,4.02447,1.00612,21.100,2.800,5.63372,8.15932,4.10655,1.01120,2782.2,10.16325,2.54081,283.8,69.8,7.93100,11.35927,10.69766,2.57337,3048291,9.49638,2.37409,302562,71517,14.93009,11.01937,9.96190,2.40250
1992-10-01,576.7,9.75915,2.43979,55.8,13.9,6.35732,10.71223,10.25123,2.46979,295.000,21.30310,5.32578,28.500,15.300,5.68698,10.69418,23.74230,5.47015,2847.3,9.25168,2.31292,268.8,65.1,7.95413,10.42467,9.69315,2.33987,3129308,10.49232,2.62308,296274,81017,14.95632,10.45783,11.06253,2.65778
1993-01-01,585.9,6.33077,1.58269,49.5,9.2,6.37315,9.22819,6.53546,1.59528,298.500,4.71783,1.17946,32.700,3.500,5.69877,12.30248,4.83089,1.18644,2902.0,7.61159,1.90290,236.2,54.7,7.97316,8.86038,7.90876,1.92112,3187556,7.37703,1.84426,269926,58248,14.97477,9.25155,7.65595,1.86137
1993-04-01,596.8,7.37317,1.84329,38.6,10.9,6.39158,6.91508,7.65179,1.86039,313.100,19.10108,4.77527,36.200,14.600,5.74652,13.07331,21.04725,4.89112,2951.4,6.75179,1.68795,239.0,49.4,7.99003,8.81138,6.98494,1.70227,3252285,8.04134,2.01033,275511,64729,14.99487,9.25535,8.37350,2.03068
1993-07-01,619.1,14.67390,3.66848,56.3,22.3,6.42827,10.00355,15.80517,3.73660,319.400,7.96864,1.99216,39.700,6.300,5.76644,14.19378,8.29474,2.01214,2989.3,5.10384,1.27596,207.1,37.9,8.00279,7.44375,5.23634,1.28414,3294796,5.19457,1.29864,246505,42511,15.00785,8.08666,5.33186,1.30711
1993-10-01,650.3,19.66679,4.91670,73.6,31.2,6.47743,12.76227,21.73397,5.03957,332.000,15.47629,3.86907,37.000,12.600,5.80513,12.54237,16.73812,3.94490,3059.6,9.29798,2.32449,212.3,70.3,8.02604,7.45619,9.74395,2.35172,3382197,10.47250,2.61812,252889,87401,15.03404,8.08131,11.04052,2.65270
1994-01-01,661.1,6.58853,1.64713,75.2,10.8,6.49391,12.83495,6.81042,1.66077,337.300,6.33511,1.58378,38.800,5.300,5.82097,12.99832,6.54008,1.59639,3099.9,5.23427,1.30857,197.9,40.3,8.03913,6.81943,5.37368,1.31717,3434208,6.10433,1.52608,246652,52011,15.04930,7.73797,6.29450,1.53779
1994-04-01,659.9,-0.72672,-0.18168,63.1,-1.2,6.49209,10.57306,-0.72409,-0.18152,347.600,12.03186,3.00797,34.500,10.300,5.85105,11.01884,12.78561,3.05366,3098.3,-0.20651,-0.05163,146.9,-1.6,8.03861,4.97730,-0.20630,-0.05161,3442868,1.00741,0.25185,190583,8660,15.05182,5.85997,1.01250,0.25217
1994-07-01,682.0,13.17654,3.29413,62.9,22.1,6.52503,10.15991,14.08406,3.34899,353.000,6.16627,1.54157,33.600,5.400,5.86647,10.51972,6.36035,1.55351,3130.0,4.07177,1.01794,140.7,31.7,8.04879,4.70679,4.15581,1.02314,3479652,4.25098,1.06274,184856,36784,15.06244,5.61054,4.34263,1.06841
1994-10-01,667.3,-8.71598,-2.17899,17.0,-14.7,6.50324,2.61418,-8.34693,-2.15543,364.500,12.82340,3.20585,32.500,11.500,5.89853,9.78916,13.68190,3.25779,3177.6,6.03728,1.50932,118.0,47.6,8.06388,3.85671,6.22324,1.52077,3543118,7.22994,1.80748,160921,63466,15.08052,4.75788,7.49771,1.82392
1995-01-01,707.0,23.11638,5.77909,45.9,39.7,6.56103,6.94297,26.00656,5.94935,363.700,-0.87888,-0.21972,26.400,-0.800,5.89633,7.82686,-0.87503,-0.21948,3244.8,8.37101,2.09275,144.9,67.2,8.08481,4.67434,8.73136,2.11480,3609459,7.42031,1.85508,175251,66341,15.09907,5.10310,7.70255,1.87239
1995-04-01,762.5,30.22874,7.55718,102.6,55.5,6.63660,15.54781,35.29500,7.85007,372.600,9.67044,2.41761,25.000,8.900,5.92051,7.19217,10.15347,2.44707,3261.3,2.02887,0.50722,163.0,16.5,8.08988,5.26095,2.04959,0.50851,3634808,2.79936,0.69984,191940,25349,15.10607,5.57500,2.83891,0.70229
1995-07-01,820.4,29.27581,7.31895,138.4,57.9,6.70979,20.29326,34.01185,7.59344,367.700,-5.29523,-1.32381,14.700,-4.900,5.90727,4.16431,-5.15747,-1.31508,3286.0,3.01805,0.75451,156.0,24.7,8.09743,4.98403,3.06406,0.75737,3653199,2.01877,0.50469,173547,18391,15.11111,4.98748,2.03929,0.50597
1995-10-01,835.2,7.15168,1.78792,167.9,14.8,6.72767,25.16110,7.41362,1.80400,378.200,11.26231,2.81558,13.700,10.500,5.93542,3.75857,11.92100,2.85559,3307.7,2.63283,0.65821,130.1,21.7,8.10401,4.09428,2.66779,0.66038,3684209,3.38105,0.84526,141091,31010,15.11957,3.98211,3.43886,0.84885
1996-01-01,908.1,33.47332,8.36833,201.1,72.9,6.81135,28.44413,39.75674,8.72845,377.100,-1.16510,-0.29128,13.400,-1.100,5.93251,3.68436,-1.15834,-0.29085,3386.7,9.44116,2.36029,141.9,79.0,8.12761,4.37315,9.90121,2.38837,3764019,8.57257,2.14314,154560,79810,15.14100,4.28208,8.95074,2.16627
1996-04-01,929.7,9.40298,2.35074,167.2,21.6,6.83486,21.92787,9.85925,2.37859,383.900,7.14868,1.78717,11.300,6.800,5.95038,3.03274,7.41040,1.80324,3354.4,-3.83323,-0.95831,93.1,-32.3,8.11803,2.85469,-3.76069,-0.95373,3738633,-2.70689,-0.67672,103825,-25386,15.13423,2.85641,-2.67059,-0.67444
1996-07-01,993.4,26.50858,6.62714,173.0,63.7,6.90113,21.08727,30.35428,6.85167,383.900,0.00000,0.00000,16.200,0.000,5.95038,4.40577,0.00000,0.00000,3393.2,4.60020,1.15005,107.2,38.8,8.12953,3.26233,4.70766,1.15669,3777808,4.16956,1.04239,124609,39175,15.14465,3.41096,4.25771,1.04784
1996-10-01,1102.1,41.53573,10.38393,266.9,108.7,7.00497,31.95642,51.49119,10.94222,390.900,7.22787,1.80697,12.700,7.000,5.96845,3.35801,7.49549,1.82339,3431.2,4.45465,1.11366,123.5,38.0,8.14067,3.73371,4.55536,1.11989,3825994,5.06974,1.26744,141785,48186,15.15733,3.84845,5.20045,1.27550
1997-01-01,1157.6,19.65258,4.91314,249.5,55.5,7.05410,27.47495,21.71667,5.03584,395.100,4.27485,1.06871,18.000,4.200,5.97914,4.77327,4.36754,1.07444,3452.2,2.44066,0.61017,65.5,21.0,8.14677,1.93404,2.47069,0.61203,3874106,4.99865,1.24966,110087,48112,15.16983,2.92472,5.12569,1.25750
1997-04-01,1182.7,8.58043,2.14511,253.0,25.1,7.07556,27.21308,8.95930,2.16828,410.900,15.68439,3.92110,27.000,15.800,6.01835,7.03308,16.98130,3.99899,3377.3,-8.77405,-2.19351,22.9,-74.9,8.12483,0.68269,-8.40015,-2.16963,3804568,-7.24499,-1.81125,65935,-69538,15.15171,1.76361,-6.98877,-1.79494
1997-07-01,1230.5,15.84825,3.96206,237.1,47.8,7.11518,23.86753,17.17314,4.04160,411.800,0.87517,0.21879,27.900,0.900,6.02054,7.26752,0.87901,0.21903,3401.6,2.86773,0.71693,8.4,24.3,8.13200,0.24755,2.90925,0.71951,3816381,1.24006,0.31001,38573,11813,15.15481,1.02104,1.24778,0.31050
1997-10-01,1241.6,3.59211,0.89803,139.5,11.1,7.12416,12.65765,3.65741,0.90207,430.700,17.94960,4.48740,39.800,18.900,6.06541,10.18163,19.66141,4.58961,3414.6,1.52578,0.38144,-16.6,13.0,8.13582,-0.48380,1.53748,0.38217,3846706,3.16584,0.79146,20712,30325,15.16273,0.54135,3.21649,0.79460
1998-01-01,1250.5,2.85704,0.71426,92.9,8.9,7.13130,8.02522,2.89825,0.71682,433.200,2.31509,0.57877,38.100,2.500,6.07120,9.64313,2.34210,0.58045,3437.5,2.67364,0.66841,-14.7,22.9,8.14250,-0.42582,2.70971,0.67065,3872048,2.62655,0.65664,-2058,25342,15.16929,-0.05312,2.66135,0.65880
1998-04-01,1256.0,1.75544,0.43886,73.3,5.5,7.13569,6.19768,1.77094,0.43982,439.800,6.04823,1.51206,28.900,6.600,6.08632,7.03334,6.23487,1.52355,3349.3,-10.39724,-2.59931,-28.0,-88.2,8.11651,-0.82906,-9.87498,-2.56582,3790379,-8.52702,-2.13176,-14189,-81669,15.14798,-0.37295,-8.17359,-2.10919
1998-07-01,1224.2,-10.25780,-2.56445,-6.3,-31.8,7.11004,-0.51199,-9.74922,-2.53185,446.000,5.59955,1.39989,34.200,6.200,6.10032,8.30500,5.75929,1.40973,3313.2,-4.33475,-1.08369,-88.4,-36.1,8.10567,-2.59878,-4.24214,-1.07784,3762333,-2.97071,-0.74268,-54048,-28046,15.14055,-1.41621,-2.92702,-0.73993
1998-10-01,1278.7,17.42255,4.35564,37.1,54.5,7.15360,2.98808,19.03239,4.45189,452.100,5.43378,1.35844,21.400,6.100,6.11390,4.96866,5.58412,1.36771,3334.0,2.50332,0.62583,-80.6,20.8,8.11193,-2.36045,2.53491,0.62779,3787391,2.65526,0.66381,-59315,25058,15.14719,-1.54197,2.69083,0.66602
1999-01-01,1272.3,-2.00706,-0.50177,21.8,-6.4,7.14858,1.74330,-1.98705,-0.50051,465.700,11.85530,2.96383,32.500,13.600,6.14354,7.50231,12.58666,3.00818,3327.5,-0.78061,-0.19515,-110.0,-6.5,8.10998,-3.20000,-0.77757,-0.19496,3794549,0.75527,0.18882,-77499,7158,15.14908,-2.00150,0.75813,0.18900
1999-04-01,1258.8,-4.26696,-1.06674,2.8,-13.5,7.13791,0.22293,-4.17721,-1.06107,484.900,16.16041,4.04010,45.100,19.200,6.18394,10.25466,17.53949,4.12283,3199.2,-15.72820,-3.93205,-150.1,-128.3,8.07066,-4.48153,-14.55369,-3.85575,3685167,-11.69989,-2.92497,-105212,-109382,15.11983,-2.77576,-11.04138,-2.88261
1999-07-01,1281.4,7.11774,1.77943,57.2,22.6,7.15571,4.67244,7.37717,1.79536,489.000,3.36792,0.84198,43.000,4.100,6.19236,9.64126,3.42528,0.84554,3175.4,-2.98687,-0.74672,-137.8,-23.8,8.06319,-4.15912,-2.94270,-0.74394,3667597,-1.91167,-0.47792,-94736,-17570,15.11505,-2.51801,-1.89351,-0.47678
1999-10-01,1268.7,-3.98419,-0.99605,-10.0,-12.7,7.14575,-0.78204,-3.90587,-0.99110,478.000,-9.10070,-2.27518,25.900,-11.000,6.16961,5.72882,-8.69887,-2.24949,3233.9,7.30209,1.82552,-100.1,58.5,8.08144,-3.00240,7.57530,1.84229,3715531,5.19397,1.29849,-71860,47934,15.12803,-1.89735,5.33122,1.30696
2000-01-01,1085.0,-62.56511,-15.64128,-187.3,-183.7,6.98934,-14.72137,-46.50870,-14.47939,501.700,19.35664,4.83916,36.000,23.700,6.21800,7.73030,21.35700,4.95816,3182.8,-6.37101,-1.59275,-144.7,-51.1,8.06552,-4.34861,-6.17230,-1.58014,3687974,-2.97774,-0.74443,-106575,-27557,15.12059,-2.80863,-2.93384,-0.74167
2000-04-01,1060.7,-9.06037,-2.26509,-198.1,-24.3,6.96668,-15.73721,-8.66204,-2.23963,504.900,2.54322,0.63581,20.000,3.200,6.22436,4.12456,2.57584,0.63783,2987.3,-25.35654,-6.33913,-211.9,-195.5,8.00213,-6.62353,-22.39710,-6.14239,3495713,-21.41596,-5.35399,-189454,-192261,15.06705,-5.14099,-19.27804,-5.21319
2000-07-01,1038.8,-8.34515,-2.08629,-242.6,-21.9,6.94582,-18.93242,-8.00643,-2.06467,511.400,5.11667,1.27917,22.400,6.500,6.23715,4.58078,5.24983,1.28738,2936.3,-6.88787,-1.72197,-239.1,-51.0,7.98491,-7.52976,-6.65601,-1.70723,3438416,-6.61058,-1.65265,-229181,-57297,15.05052,-6.24881,-6.39682,-1.63906
2000-10-01,1015.2,-9.19223,-2.29806,-253.5,-23.6,6.92284,-19.98108,-8.78239,-2.27185,511.700,0.23458,0.05865,33.700,0.300,6.23774,7.05021,0.23486,0.05866,2880.4,-7.68844,-1.92211,-353.5,-55.9,7.96568,-10.93107,-7.40032,-1.90376,3413541,-2.90429,-0.72607,-301990,-24875,15.04326,-8.12778,-2.86252,-0.72344
2001-01-01,1012.5,-1.06525,-0.26631,-72.5,-2.7,6.92018,-6.68203,-1.05959,-0.26596,523.900,9.42492,2.35623,22.200,12.200,6.26130,4.42496,9.88336,2.38421,2892.8,1.71829,0.42957,-290.0,12.4,7.96998,-9.11147,1.73313,0.43050,3434386,2.43520,0.60880,-253588,20845,15.04935,-6.87608,2.46509,0.61066
2001-04-01,983.3,-11.70541,-2.92635,-77.4,-29.2,6.89091,-7.29707,-11.04630,-2.88395,535.100,8.46113,2.11528,30.200,11.200,6.28245,5.98138,8.82939,2.13781,2722.6,-24.25503,-6.06376,-264.7,-170.2,7.90934,-8.86084,-21.53758,-5.88357,3274176,-19.10877,-4.77719,-221537,-160210,15.00158,-6.33739,-17.39399,-4.66488
2001-07-01,992.2,3.60418,0.90104,-46.6,8.9,6.89992,-4.48595,3.66991,0.90512,534.100,-0.74822,-0.18706,22.700,-1.000,6.28058,4.43880,-0.74543,-0.18688,2779.7,8.30228,2.07557,-156.6,57.1,7.93010,-5.33324,8.65666,2.09726,3338707,7.80695,1.95174,-99709,64531,15.02109,-2.89985,8.11978,1.97091
2001-10-01,1040.1,18.85898,4.71474,24.9,47.9,6.94707,2.45272,20.75455,4.82766,551.700,12.96853,3.24213,40.000,17.600,6.31300,7.81708,13.84701,3.29526,2819.5,5.68662,1.42166,-60.9,39.8,7.94431,-2.11429,5.85142,1.43181,3393758,6.54170,1.63543,-19783,55051,15.03745,-0.57954,6.76041,1.64887
2002-01-01,1057.2,6.52282,1.63070,44.7,17.1,6.96338,4.41481,6.74025,1.64407,575.400,16.82441,4.20610,51.500,23.700,6.35507,9.83012,18.32254,4.29581,2849.2,4.19148,1.04787,-43.6,29.7,7.95479,-1.50719,4.28056,1.05338,3443674,5.84043,1.46011,9288,49916,15.05205,0.27044,6.01435,1.47082
2002-04-01,1123.1,24.18753,6.04688,139.8,65.9,7.02385,14.21743,27.36353,6.23345,590.700,10.49713,2.62428,55.600,15.300,6.38131,10.39058,11.06787,2.65902,2849.8,0.08423,0.02106,127.2,0.6,7.95500,4.67200,0.08426,0.02106,3463544,2.30137,0.57534,189368,19870,15.05780,5.78368,2.32805,0.57700
2002-07-01,1188.6,22.67337,5.66834,196.4,65.5,7.08053,19.79440,25.44958,5.83207,604.200,9.03880,2.25970,70.100,13.500,6.40391,13.12488,9.45989,2.28542,2924.8,10.39091,2.59773,145.1,75.0,7.98098,5.21999,10.94996,2.63176,3552588,10.15360,2.53840,213881,89044,15.08319,6.40610,10.68698,2.57089
2002-10-01,1235.6,15.51222,3.87805,195.5,47.0,7.11931,18.79627,16.78006,3.95423,629.400,16.34469,4.08617,77.700,25.200,6.44477,14.08374,17.75628,4.17080,3018.5,12.61357,3.15339,199.0,93.7,8.01252,7.05799,13.44361,3.20364,3647385,10.53365,2.63341,253627,94797,15.10952,7.47334,11.10844,2.66839
2003-01-01,1275.2,12.61854,3.15463,218.0,39.6,7.15086,20.62051,13.44925,3.20492,641.500,7.61688,1.90422,66.100,12.100,6.46381,11.48766,7.91447,1.92247,3070.0,6.76702,1.69175,220.8,51.5,8.02943,7.74954,7.00123,1.70615,3710779,6.89254,1.72314,267105,63394,15.12675,7.75640,7.13563,1.73807
2003-04-01,1371.9,29.23744,7.30936,248.8,96.7,7.22395,22.15297,33.96045,7.58312,652.100,6.55550,1.63887,61.400,10.600,6.48020,10.39445,6.77514,1.65238,3164.7,12.15228,3.03807,314.9,94.7,8.05981,11.04990,12.92151,3.08469,3816279,11.21361,2.80340,352735,105500,15.15479,10.18422,11.86652,2.84307
2003-07-01,1443.3,20.29421,5.07355,254.7,71.4,7.27469,21.42857,22.50015,5.20446,656.100,2.44612,0.61153,51.900,4.000,6.48631,8.58987,2.47628,0.61340,3267.9,12.83572,3.20893,343.1,103.2,8.09190,11.73072,13.69591,3.26097,3924045,11.13886,2.78471,371457,107766,15.18263,10.45595,11.78292,2.82385
2003-10-01,1523.1,21.52623,5.38156,287.5,79.8,7.32850,23.26805,24.01871,5.52900,666.700,6.41078,1.60270,37.300,10.600,6.50234,5.92628,6.62073,1.61561,3377.9,13.24266,3.31066,359.4,110.0,8.12501,11.90658,14.15952,3.36608,4044054,12.04986,3.01246,396669,120009,15.21276,10.87544,12.80591,3.05830
2004-01-01,1670.0,36.83036,9.20759,394.8,146.9,7.42058,30.95985,44.52807,9.64480,674.100,4.41532,1.10383,32.600,7.400,6.51338,5.08184,4.51425,1.10994,3502.8,14.52337,3.63084,432.8,124.9,8.16132,14.09772,15.63098,3.69756,4176667,12.90636,3.22659,465888,132613,15.24502,12.55499,13.77625,3.27921
2004-04-01,1735.4,15.36572,3.84143,363.5,65.4,7.45899,26.49610,16.60911,3.91617,687.400,7.81516,1.95379,35.300,13.300,6.53292,5.41328,8.12866,1.97300,3531.5,3.26402,0.81601,366.8,28.7,8.16948,11.59036,3.31788,0.81934,4218734,4.00861,1.00215,402455,42067,15.25505,10.54574,4.09004,1.00719
2004-07-01,1794.5,13.39540,3.34885,351.2,59.1,7.49248,24.33313,14.33402,3.40555,700.300,7.43698,1.85925,44.200,12.900,6.55151,6.73678,7.72051,1.87664,3607.1,8.47257,2.11814,339.2,75.6,8.19066,10.37975,8.84184,2.14073,4303366,7.94497,1.98624,379321,84632,15.27491,9.66658,8.26911,2.00610
2004-10-01,1849.3,12.03230,3.00808,326.2,54.8,7.52256,21.41685,12.78611,3.05378,717.800,9.87287,2.46822,51.100,17.500,6.57619,7.66462,10.37668,2.49893,3690.5,9.14313,2.28578,312.6,83.4,8.21352,9.25427,9.57415,2.31211,4406352,9.45985,2.36496,362298,102986,15.29856,8.95878,9.92174,2.39315
2005-01-01,1952.0,21.61892,5.40473,282.0,102.7,7.57661,16.88623,24.13372,5.55345,717.300,-0.27873,-0.06968,43.200,-0.500,6.57549,6.40854,-0.27834,-0.06966,3855.0,17.44362,4.36091,352.2,164.5,8.25713,10.05481,19.05748,4.45739,4572397,14.79618,3.69904,395730,166045,15.33555,9.47478,15.94686,3.76831
2005-04-01,1878.0,-15.45884,-3.86471,142.6,-74.0,7.53796,8.21713,-14.32323,-3.79098,724.700,4.10545,1.02636,37.300,7.400,6.58576,5.42624,4.19088,1.03165,3803.0,-5.43231,-1.35808,271.5,-52.0,8.24355,7.68795,-5.28740,-1.34890,4527630,-3.93558,-0.98390,308896,-44767,15.32571,7.32201,-3.85914,-0.97907
2005-07-01,1930.0,10.92505,2.73126,135.5,52.0,7.56528,7.55085,11.54417,2.76890,736.400,6.40627,1.60157,36.100,11.700,6.60177,5.15493,6.61592,1.61446,3865.0,6.46858,1.61715,257.9,62.0,8.25972,7.14979,6.68238,1.63029,4601378,6.46288,1.61572,298012,73748,15.34187,6.92509,6.67630,1.62884
2005-10-01,2034.0,20.99372,5.24843,184.7,104.0,7.61776,9.98756,23.36006,5.38860,744.200,4.21455,1.05364,26.400,7.800,6.61231,3.67790,4.30462,1.05921,3971.0,10.82251,2.70563,280.5,106.0,8.28677,7.60060,11.42985,2.74256,4714607,9.72390,2.43097,308255,113229,15.36618,6.99570,10.21237,2.46076
2006-01-01,2082.1,9.34908,2.33727,130.1,48.1,7.64113,6.66496,9.80005,2.36480,758.500,7.61319,1.90330,41.200,14.300,6.63134,5.74376,7.91049,1.92153,4114.0,14.15114,3.53778,259.0,143.0,8.32215,6.71855,15.20136,3.60111,4872804,13.20159,3.30040,300407,158197,15.39918,6.57001,14.11265,3.35547
2006-04-01,1977.8,-20.55675,-5.13919,99.8,-104.3,7.58974,5.31416,-18.58149,-5.00937,766.400,4.14457,1.03614,41.700,7.900,6.64170,5.75411,4.23166,1.04153,4030.8,-8.17237,-2.04309,227.8,-83.2,8.30172,5.99001,-7.84735,-2.02236,4797450,-6.23401,-1.55850,269820,-75354,15.38360,5.95941,-6.04367,-1.54642
2006-07-01,2025.3,9.49309,2.37327,95.3,47.5,7.61347,4.93782,9.95829,2.40166,768.900,1.30268,0.32567,32.500,2.500,6.64496,4.41336,1.31120,0.32620,4074.2,4.28382,1.07095,209.2,43.4,8.31243,5.41268,4.37690,1.07671,4843208,3.79711,0.94928,241830,45758,15.39309,5.25560,3.87013,0.95380
2006-10-01,2103.1,15.07784,3.76946,69.1,77.8,7.65117,3.39725,16.27390,3.84141,778.900,5.16870,1.29217,34.700,10.000,6.65788,4.66273,5.30461,1.30056,4122.1,4.67533,1.16883,151.1,47.9,8.32412,3.80509,4.78635,1.17569,4901208,4.76176,1.19044,186601,58000,15.40499,3.95793,4.87695,1.19755
2007-01-01,2194.8,17.07139,4.26785,112.7,91.7,7.69385,5.41280,18.61514,4.36023,780.900,1.02577,0.25644,22.400,2.000,6.66045,2.95320,1.03105,0.25677,4273.1,14.39073,3.59768,159.1,151.0,8.36009,3.86728,15.47770,3.66318,5054278,12.30132,3.07533,181474,153070,15.43575,3.72422,13.08994,3.12311
2007-04-01,2192.0,-0.51062,-0.12766,214.2,-2.8,7.69257,10.83022,-0.50932,-0.12757,790.500,4.88742,1.22186,24.100,9.600,6.67267,3.14457,5.00883,1.22935,4152.6,-11.44197,-2.86049,121.8,-120.5,8.33149,3.02173,-10.81164,-2.81997,4943033,-8.90236,-2.22559,145583,-111245,15.41349,3.03459,-8.51760,-2.20101
2007-07-01,2235.3,7.82443,1.95611,210.0,43.3,7.71213,10.36883,8.13868,1.97536,779.600,-5.55388,-1.38847,10.700,-10.900,6.65878,1.39160,-5.40246,-1.37887,4269.7,11.12357,2.78089,195.5,117.1,8.35930,4.79849,11.76583,2.81992,5049242,8.50361,2.12590,206034,106209,15.43475,4.25408,8.87564,2.14866
2007-10-01,2353.2,20.56026,5.14007,250.1,117.9,7.76353,11.89197,22.82650,5.27446,740.600,-20.52812,-5.13203,-38.300,-39.000,6.60746,-4.91719,-18.55817,-5.00257,4395.7,11.63329,2.90832,273.6,126.0,8.38838,6.63739,12.33698,2.95103,5136288,6.83700,1.70925,235080,87046,15.45184,4.79637,7.07614,1.72394
2008-01-01,2506.3,25.21258,6.30315,311.5,153.1,7.82656,14.19264,28.67579,6.50603,591.200,-90.12252,-22.53063,-189.700,-149.400,6.38215,-24.29248,-59.39282,-20.17283,4742.9,30.40879,7.60220,469.8,347.2,8.46440,10.99436,35.53882,7.89863,5334048,15.11191,3.77798,279770,197760,15.48962,5.53531,16.31352,3.85025
2008-04-01,2587.4,12.73838,3.18459,395.4,81.1,7.85841,18.03832,13.58529,3.23585,478.800,-84.34856,-21.08714,-311.700,-112.400,6.17128,-39.43074,-56.97916,-19.01218,4806.2,5.30320,1.32580,653.6,63.3,8.47766,15.73954,5.44633,1.33463,5285025,-3.69323,-0.92331,341992,-49023,15.48039,6.91867,-3.62586,-0.91906
2008-07-01,2802.4,31.92907,7.98227,567.1,215.0,7.93823,25.37020,37.61514,8.30950,476.600,-1.84216,-0.46054,-303.000,-2.200,6.16668,-38.86609,-1.82530,-0.45948,5332.0,41.52786,10.38197,1062.3,525.8,8.58148,24.87997,51.47927,10.94004,5814240,38.17309,9.54327,764998,529215,15.57582,15.15075,46.48179,10.01348
2008-10-01,3077.2,37.41756,9.35439,724.0,274.8,8.03178,30.76662,45.37924,9.80588,475.900,-0.58793,-0.14698,-264.700,-0.700,6.16521,-35.74129,-0.58620,-0.14687,5893.4,40.04267,10.01067,1497.7,561.4,8.68159,34.07193,49.24614,10.52888,6372651,36.68219,9.17055,1236363,558411,15.66753,24.07114,44.31409,9.60420
2009-01-01,3265.7,23.78162,5.94540,759.4,188.5,8.09123,30.29964,26.84760,6.12570,492.300,13.55222,3.38805,-98.900,16.400,6.19909,-16.72869,14.51346,3.44610,6341.7,29.32552,7.33138,1598.8,448.3,8.75490,33.70933,34.07849,7.60681,6836338,28.09466,7.02367,1502290,463687,15.73776,28.16416,32.43829,7.27620
2009-04-01,3460.8,23.21026,5.80256,873.4,195.1,8.14926,33.75589,26.12491,5.97422,656.500,115.13376,28.78344,177.700,164.200,6.48692,37.11362,216.24202,33.35365,6518.5,10.99897,2.74974,1712.3,176.8,8.78240,35.62690,11.62665,2.78790,7176464,19.42183,4.85546,1891439,340126,15.78632,35.78865,21.43613,4.97527
2009-07-01,3570.6,12.49355,3.12339,768.2,109.8,8.18049,27.41222,13.30754,3.17268,769.200,63.37133,15.84283,292.600,112.700,6.64535,61.39320,88.45956,17.16679,6782.7,15.89239,3.97310,1450.7,264.2,8.82213,27.20743,17.22487,4.05308,7554537,20.53661,5.13415,1740297,378073,15.83766,29.93163,22.79746,5.26824
2009-10-01,3685.1,12.62561,3.15640,607.9,114.5,8.21205,19.75497,13.45726,3.20674,776.600,3.82976,0.95744,300.700,7.400,6.65493,63.18554,3.90404,0.96204,7034.4,14.57486,3.64371,1141.0,251.7,8.85857,19.36064,15.69053,3.71091,7814359,13.52585,3.38146,1441708,259822,15.87147,22.62336,14.48327,3.43928
2010-01-01,3877.9,20.39844,5.09961,612.2,192.8,8.26305,18.74636,22.62791,5.23188,776.700,0.05150,0.01288,284.400,0.100,6.65505,57.76965,0.05152,0.01288,7513.3,26.34495,6.58624,1171.6,478.9,8.92443,18.47454,30.14116,6.80797,8294251,23.83987,5.95997,1457913,479892,15.93107,21.32594,26.92152,6.14116
2010-04-01,4070.0,19.33969,4.83492,609.2,192.1,8.31140,17.60287,21.33643,4.95371,777.000,0.15447,0.03862,120.500,0.300,6.65544,18.35491,0.15459,0.03862,7856.7,17.87676,4.46919,1338.2,343.4,8.96912,20.52926,19.57428,4.57056,8639220,16.29987,4.07497,1462756,344969,15.97182,20.38268,17.70352,4.15913
2010-07-01,4324.2,24.23366,6.05842,753.6,254.2,8.37198,21.10570,27.42230,6.24570,811.700,17.47619,4.36905,42.500,34.700,6.69913,5.52522,19.09626,4.46589,8211.1,17.64809,4.41202,1428.4,354.4,9.01324,21.05946,19.30116,4.51080,9027611,17.59019,4.39755,1473074,388391,16.01580,19.49920,19.23211,4.49567
2010-10-01,4435.6,10.17430,2.54357,750.5,111.4,8.39742,20.36580,10.70989,2.57620,1021.500,91.95864,22.98966,244.900,209.800,6.92903,31.53490,150.82528,25.84699,8368.9,7.61422,1.90356,1334.5,157.8,9.03228,18.97106,7.91160,1.92179,9395411,15.97344,3.99336,1581052,367800,16.05573,20.23265,17.31993,4.07417
2011-01-01,4481.4,4.10904,1.02726,603.5,45.8,8.40769,15.56255,4.19463,1.03255,1340.400,108.67838,27.16959,563.700,318.900,7.20072,72.57628,196.47235,31.21880,8311.1,-2.77219,-0.69305,797.8,-57.8,9.02535,10.61850,-2.73412,-0.69065,9656573,10.96698,2.74174,1362322,261162,16.08315,16.42489,11.59095,2.77968
2011-04-01,4690.6,18.25000,4.56250,620.6,209.2,8.45332,15.24816,20.02142,4.66818,1619.500,75.65975,18.91494,842.500,279.100,7.38987,108.42986,113.10132,20.82214,8122.7,-9.17174,-2.29294,266.0,-188.4,9.00242,3.38565,-8.76371,-2.26685,9746879,3.72332,0.93083,1107659,90306,16.09246,12.82128,3.79351,0.93518
2011-07-01,4912.1,18.45642,4.61410,587.9,221.5,8.49946,13.59558,20.26942,4.72221,1664.700,11.01099,2.75275,853.000,45.200,7.41740,105.08809,11.64007,2.79098,8462.4,16.38808,4.09702,251.3,339.7,9.04339,3.06049,17.80739,4.18211,10132039,15.50218,3.87555,1104428,385160,16.13121,12.23389,16.76834,3.95162
2011-10-01,5006.9,7.64616,1.91154,571.3,94.8,8.51857,12.87988,7.94608,1.92993,1663.400,-0.31249,-0.07812,641.900,-1.300,7.41662,62.83896,-0.31200,-0.07809,8783.3,14.88775,3.72194,414.4,320.9,9.08061,4.95167,16.05308,3.79207,10452503,12.45556,3.11389,1057092,320464,16.16235,11.25115,13.26449,3.16288
2012-01-01,5145.1,10.89114,2.72278,663.7,138.2,8.54580,14.81010,11.50635,2.76019,1661.100,-0.55347,-0.13837,320.700,-2.300,7.41524,23.92569,-0.55194,-0.13827,9185.1,17.89217,4.47304,874.0,401.8,9.12534,10.51606,19.59271,4.57459,10876394,15.90131,3.97533,1219821,423891,16.20211,12.63203,17.23533,4.05540
2012-04-01,5310.9,12.68660,3.17165,620.3,165.8,8.57752,13.22432,13.52649,3.22248,1659.900,-0.28907,-0.07227,40.400,-1.200,7.41451,2.49460,-0.28865,-0.07224,9379.7,8.38607,2.09652,1257.0,194.6,9.14630,15.47515,8.74774,2.11865,11048217,6.26972,1.56743,1301338,171823,16.21778,13.35133,6.47044,1.57978
2012-07-01,5476.1,12.25274,3.06319,564.0,165.2,8.60815,11.48185,13.03501,3.11058,1645.300,-3.53385,-0.88346,-19.400,-14.600,7.40568,-1.16538,-3.47214,-0.87957,9619.4,10.09365,2.52341,1157.0,239.7,9.17154,13.67224,10.62063,2.55552,11274396,8.10610,2.02653,1142357,226179,16.23804,11.27470,8.44371,2.04720
2012-10-01,5573.8,7.07355,1.76839,566.9,97.7,8.62583,11.32238,7.32973,1.78412,1666.100,5.02513,1.25628,2.700,20.800,7.41824,0.16232,5.15353,1.26421,9909.1,11.86865,2.96716,1125.8,289.7,9.20121,12.81751,12.60169,3.01162,11586560,10.92460,2.73115,1134057,312164,16.26536,10.84962,11.54367,2.76879
2013-01-01,5725.0,10.70620,2.67655,579.9,151.2,8.65260,11.27092,11.30033,2.71269,1796.000,30.03056,7.50764,134.900,129.900,7.49332,8.12112,35.02714,7.79665,10114.8,8.21847,2.05462,929.7,205.7,9.22175,10.12183,8.56563,2.07587,11922454,11.43108,2.85777,1046060,335894,16.29393,9.61771,12.11005,2.89900
2013-04-01,5595.0,-9.18768,-2.29692,284.1,-130.0,8.62963,5.34938,-8.77825,-2.27074,1936.600,30.14876,7.53719,276.700,140.600,7.56869,16.66968,35.18683,7.82851,9964.9,-5.97231,-1.49308,585.2,-149.9,9.20682,6.23901,-5.79747,-1.48199,11906573,-0.53316,-0.13329,858356,-15881,16.29260,7.76918,-0.53175,-0.13320
2013-07-01,5652.8,4.11106,1.02777,176.7,57.8,8.63991,3.22675,4.19674,1.03307,2072.300,27.09010,6.77252,427.000,135.700,7.63641,25.95271,31.11452,7.00713,9904.0,-2.45208,-0.61302,284.6,-60.9,9.20069,2.95860,-2.42226,-0.61115,11980978,2.49185,0.62296,706582,74405,16.29883,6.26714,2.52316,0.62491
2013-10-01,5792.6,9.77210,2.44302,218.8,139.8,8.66434,3.92551,10.26551,2.47311,2208.800,25.51611,6.37903,542.700,136.500,7.70020,32.57307,29.06696,6.58688,10146.6,9.67998,2.42000,237.5,242.6,9.22489,2.39679,10.16398,2.44952,12355194,12.30253,3.07563,768634,374216,16.32959,6.63384,13.09130,3.12342
2014-01-01,5948.3,10.60969,2.65242,223.3,155.7,8.69086,3.90044,11.19296,2.68791,2614.600,67.46470,16.86617,818.600,405.800,7.86887,45.57906,96.33397,18.37197,10299.7,5.99044,1.49761,184.9,153.1,9.23987,1.82801,6.17350,1.50888,12643201,9.21722,2.30431,720747,288007,16.35263,6.04529,9.65537,2.33106
2014-04-01,6018.7,4.70633,1.17658,423.7,70.4,8.70263,7.57283,4.81884,1.18353,2705.900,13.72938,3.43235,769.300,91.300,7.90319,39.72426,14.71651,3.49193,10171.6,-5.00610,-1.25152,206.7,-128.1,9.22735,2.07428,-4.88286,-1.24373,12572021,-2.25832,-0.56458,665448,-71180,16.34698,5.58891,-2.23302,-0.56299
2014-07-01,6069.2,3.34220,0.83555,416.4,50.5,8.71098,7.36626,3.39868,0.83905,2767.300,8.97502,2.24375,695.000,61.400,7.92563,33.53762,9.39010,2.26912,10333.2,6.30500,1.57625,429.2,161.6,9.24312,4.33360,6.50800,1.58874,12784809,6.71355,1.67839,803831,212788,16.36377,6.70923,6.94404,1.69255
2014-10-01,6157.7,5.79061,1.44765,365.1,88.5,8.72546,6.30287,5.96155,1.45818,2793.400,3.75495,0.93874,584.600,26.100,7.93501,26.46686,3.82634,0.94316,10562.6,8.78298,2.19574,416.0,229.4,9.26507,4.09990,9.18023,2.22003,13023818,7.40887,1.85222,668624,239009,16.38229,5.41168,7.69023,1.86948
2015-01-01,6172.6,0.96672,0.24168,224.3,14.9,8.72788,3.77083,0.97141,0.24197,2797.500,0.58667,0.14667,182.900,4.100,7.93648,6.99533,0.58839,0.14677,10630.8,2.57440,0.64360,331.1,68.2,9.27151,3.21466,2.60782,0.64567,13090183,2.03309,0.50827,446982,66365,16.38737,3.53535,2.05390,0.50957
2015-04-01,6163.1,-0.61610,-0.15402,144.4,-9.5,8.72634,2.39919,-0.61420,-0.15391,2798.500,0.14296,0.03574,92.600,1.000,7.93684,3.42215,0.14306,0.03575,10615.5,-0.57610,-0.14403,443.9,-15.3,9.27007,4.36411,-0.57444,-0.14392,13075036,-0.46312,-0.11578,503015,-15147,16.38622,4.00107,-0.46205,-0.11571
2015-07-01,6105.9,-3.72975,-0.93244,36.7,-57.2,8.71701,0.60469,-3.66105,-0.92810,2802.100,0.51423,0.12856,34.800,3.600,7.93812,1.25754,0.51556,0.12864,10661.9,1.74458,0.43614,328.7,46.4,9.27443,3.18101,1.75988,0.43710,13123756,1.48770,0.37193,338947,48720,16.38993,2.65117,1.49883,0.37262
2015-10-01,6146.2,2.63140,0.65785,-11.5,40.3,8.72359,-0.18676,2.66632,0.66002,2810.100,1.14037,0.28509,16.700,8.000,7.94098,0.59784,1.14690,0.28550,11211.0,20.08752,5.02188,648.4,549.1,9.32465,6.13864,22.24722,5.15011,13699868,17.18487,4.29622,676050,576112,16.43290,5.19087,18.74981,4.38984
2016-01-01,6284.4,8.89455,2.22364,111.8,138.2,8.74583,1.81123,9.30211,2.24854,2815.300,0.73950,0.18488,17.800,5.200,7.94282,0.63628,0.74224,0.18505,11463.6,8.91254,2.22814,832.8,252.6,9.34693,7.83384,9.32178,2.25314,13929762,6.65660,1.66415,839579,229894,16.44954,6.41381,6.88315,1.67807
2016-04-01,6279.1,-0.33749,-0.08437,116.0,-5.3,8.74498,1.88217,-0.33692,-0.08434,2819.100,0.53954,0.13489,20.600,3.800,7.94417,0.73611,0.54100,0.13498,11470.4,0.23720,0.05930,854.9,6.8,9.34753,8.05332,0.23748,0.05932,13937309,0.21666,0.05416,862273,7547,16.45008,6.59480,0.21689,0.05418
2016-07-01,6155.9,-7.92627,-1.98157,50.0,-123.2,8.72517,0.81888,-7.62028,-1.96206,2830.100,1.55774,0.38944,28.000,11.000,7.94807,0.99925,1.56994,0.39020,11709.9,8.26593,2.06648,1048.0,239.5,9.36819,9.82939,8.61717,2.08798,14177750,6.84180,1.71045,1053994,240441,16.46718,8.03119,7.08128,1.72516
2016-10-01,6006.3,-9.84082,-2.46021,-139.9,-149.6,8.70056,-2.27620,-9.37211,-2.43019,2843.700,1.91759,0.47940,33.600,13.600,7.95286,1.19569,1.93609,0.48055,11971.3,8.83099,2.20775,760.3,261.4,9.39027,6.78173,9.23266,2.23230,14439326,7.31265,1.82816,739458,261576,16.48547,5.39756,7.58666,1.84498
2017-01-01,6075.3,4.56898,1.14225,-209.1,69.0,8.71199,-3.32729,4.67497,1.14879,2859.131,2.16468,0.54117,43.831,15.431,7.95827,1.55689,2.18828,0.54264,11905.3,-2.21138,-0.55284,441.7,-66.0,9.38474,3.85307,-2.18710,-0.55132,14374457,-1.80106,-0.45026,444695,-64869,16.48096,3.19241,-1.78494,-0.44925
2017-04-01,6151.9,5.01184,1.25296,-127.2,76.6,8.72452,-2.02577,5.13956,1.26084,2864.091,0.69332,0.17333,44.991,4.960,7.96001,1.59593,0.69572,0.17348,11901.1,-0.14114,-0.03528,430.7,-4.2,9.38439,3.75488,-0.14104,-0.03528,14370898,-0.09905,-0.02476,433589,-3559,16.48072,3.11100,-0.09900,-0.02476
2017-07-01,6301.9,9.63608,2.40902,146.0,150.0,8.74861,2.37171,10.11563,2.43827,2867.555,0.48349,0.12087,37.455,3.464,7.96122,1.32345,0.48466,0.12095,12208.0,10.18426,2.54606,498.1,306.9,9.40985,4.25367,10.72091,2.57875,14681827,8.56211,2.14053,504077,310929,16.50212,3.55541,8.93935,2.16360
2017-10-01,6211.3,-5.79238,-1.44810,205.0,-90.6,8.73413,3.41308,-5.62782,-1.43766,2858.136,-1.31603,-0.32901,14.436,-9.419,7.95792,0.50765,-1.30741,-0.32847,12360.6,4.96901,1.24225,389.3,152.6,9.42227,3.25194,5.09453,1.25000,14823106,3.83068,0.95767,383780,141279,16.51170,2.65788,3.90500,0.96227
2018-01-01,6223.4,0.77847,0.19462,148.1,12.1,8.73607,2.43774,0.78150,0.19481,2828.463,-4.17448,-1.04362,-30.668,-29.673,7.94749,-1.07263,-4.08855,-1.03819,13003.3,20.27567,5.06892,1098.0,642.7,9.47296,9.22278,22.47745,5.19959,15436782,16.22637,4.05659,1062325,613676,16.55226,7.39037,17.61704,4.14000
2018-04-01,6225.0,0.10282,0.02571,73.1,1.6,8.73633,1.18825,0.10288,0.02571,2772.949,-7.92883,-1.98221,-91.142,-55.514,7.92767,-3.18223,-7.62265,-1.96269,13088.5,2.61232,0.65308,1187.4,85.2,9.47949,9.97723,2.64674,0.65522,15483548,1.20998,0.30249,1112650,46766,16.55529,7.74238,1.21732,0.30295
2018-07-01,6225.9,0.05783,0.01446,-76.0,0.9,8.73647,-1.20599,0.05784,0.01446,2697.860,-10.98100,-2.74525,-169.695,-75.089,7.90021,-5.91776,-10.39957,-2.70791,13447.9,10.83559,2.70890,1239.9,359.4,9.50658,10.15645,11.44443,2.74592,15778806,7.55584,1.88896,1096979,295258,16.57418,7.47168,7.84862,1.90691
2018-10-01,6270.1,2.82972,0.70743,58.8,44.2,8.74355,0.94666,2.87013,0.70994,2594.652,-15.60259,-3.90065,-263.484,-103.208,7.86121,-9.21874,-14.44629,-3.82555,13879.1,12.62446,3.15612,1518.5,431.2,9.53814,12.28500,13.45597,3.20645,16120742,8.57565,2.14391,1297636,341936,16.59562,8.75414,8.95410,2.16706
2019-01-01,6474.0,12.80074,3.20019,250.6,203.9,8.77555,4.02674,13.65614,3.25194,2536.673,-9.03961,-2.25990,-291.790,-57.979,7.83861,-10.31620,-8.64307,-2.23456,14028.9,4.29415,1.07354,1025.6,149.8,9.54887,7.88723,4.38768,1.07932,16223851,2.55027,0.63757,787069,103109,16.60199,5.09866,2.58307,0.63960
2019-04-01,6625.9,9.27682,2.31921,400.9,151.9,8.79874,6.44016,9.72074,2.34631,2452.784,-13.45187,-3.36297,-320.165,-83.889,7.80498,-11.54601,-12.58635,-3.30705,14078.4,1.40889,0.35222,989.9,49.5,9.55240,7.56313,1.41886,0.35284,16204719,-0.47198,-0.11799,721171,-19132,16.60081,4.65766,-0.47087,-0.11793
2019-07-01,6923.5,17.57408,4.39352,697.6,297.6,8.84268,11.20481,19.21291,4.49147,2436.438,-2.67463,-0.66866,-261.422,-16.346,7.79829,-9.68998,-2.63918,-0.66643,14695.8,17.16801,4.29200,1247.9,617.4,9.59532,9.27952,18.72980,4.38544,16825978,15.04860,3.76215,1047172,621259,16.63843,6.63657,16.23991,3.83382
2019-10-01,6844.2,-4.60794,-1.15198,574.1,-79.3,8.83116,9.15615,-4.50338,-1.14537,2637.320,31.69045,7.92261,42.668,200.882,7.87752,1.64446,37.28714,8.24491,14841.5,3.94623,0.98656,962.4,145.7,9.60518,6.93417,4.02513,0.99144,17187392,8.50084,2.12521,1066650,361414,16.65969,6.61663,8.87262,2.14795
2020-01-01,6949.5,6.10725,1.52681,475.5,105.3,8.84642,7.34476,6.29760,1.53853,3559.553,119.94869,29.98717,1022.880,922.233,8.17739,40.32368,231.84138,34.96857,14407.2,-11.87969,-2.96992,378.3,-434.3,9.57548,2.69658,-11.20119,-2.92625,17228778,0.96201,0.24050,1004927,41386,16.66209,6.19413,0.96666,0.24079
2020-04-01,7052.1,5.86229,1.46557,426.2,102.6,8.86108,6.43233,6.03753,1.47637,4615.353,103.90135,25.97534,2162.569,1055.800,8.43714,88.16793,182.64274,29.66103,16319.6,49.85550,12.46388,2241.2,1912.4,9.70012,15.91942,64.63406,13.27392,20548375,70.48029,17.62007,4343656,3319597,16.83829,26.80488,102.34479,19.26774
2020-07-01,7069.2,0.96875,0.24219,145.7,17.1,8.86350,2.10443,0.97346,0.24248,4872.973,21.72635,5.43159,2436.535,257.620,8.49146,100.00398,24.26715,5.58180,16573.5,6.17528,1.54382,1877.7,253.9,9.71556,12.77712,6.36993,1.55580,21037627,9.41229,2.35307,4211649,489252,16.86182,25.03063,9.86948,2.38098
2020-10-01,7070.7,0.08487,0.02122,226.5,1.5,8.86371,3.30937,0.08490,0.02122,5127.835,20.39173,5.09793,2490.515,254.862,8.54244,94.43355,22.61967,5.23011,16938.6,8.71600,2.17900,2097.1,365.1,9.73735,14.12997,9.10713,2.20291,21651416,11.50330,2.87583,4464024,613789,16.89058,25.97267,12.19105,2.91758
2021-01-01,7038.3,-1.83713,-0.45928,88.8,-32.4,8.85912,1.27779,-1.82036,-0.45823,5401.362,20.78704,5.19676,1841.809,273.527,8.59441,51.74270,23.10536,5.33416,17037.1,2.31931,0.57983,2629.9,98.5,9.74315,18.25407,2.34642,0.58151,22006863,6.51340,1.62835,4778085,355447,16.90686,27.73316,6.73020,1.64168
2021-04-01,7518.9,26.42127,6.60532,466.8,480.6,8.92518,6.61930,30.24053,6.82835,5644.351,17.60163,4.40041,1028.998,242.989,8.63841,22.29511,19.24575,4.49866,17146.5,2.56030,0.64008,826.9,109.4,9.74955,5.06691,2.59336,0.64213,22353532,6.25199,1.56300,1805157,346669,16.92249,8.78491,6.45157,1.57528
2021-07-01,7570.9,2.75684,0.68921,501.7,52.0,8.93207,7.09698,2.79519,0.69159,5911.599,18.50445,4.62611,1038.626,267.248,8.68467,21.31401,20.32720,4.73479,16849.8,-6.98211,-1.74553,276.3,-296.7,9.73209,1.66712,-6.74394,-1.73038,22305879,-0.85363,-0.21341,1268252,-47653,16.92036,6.02849,-0.84999,-0.21318
2021-10-01,7740.4,8.85657,2.21414,669.7,169.5,8.95421,9.47148,9.26060,2.23884,6141.499,15.26100,3.81525,1013.664,229.900,8.72282,19.76787,16.48706,3.88896,17491.3,14.94593,3.73648,552.7,641.5,9.76946,3.26296,16.12062,3.80717,23168329,15.17438,3.79359,1516913,862450,16.95830,7.00607,16.38620,3.86647
2022-01-01,7604.2,-7.10106,-1.77526,565.9,-136.2,8.93646,8.04029,-6.85479,-1.75960,6254.966,7.32274,1.83069,853.604,113.467,8.74113,15.80350,7.59752,1.84755,18119.7,14.11845,3.52961,1082.6,628.4,9.80476,6.35437,15.16371,3.59264,23903280,12.49179,3.12295,1896417,734951,16.98953,8.61739,13.30554,3.17222
2022-04-01,7416.9,-9.97582,-2.49395,-102.0,-187.3,8.91152,-1.35658,-9.49438,-2.46311,6216.801,-2.44810,-0.61202,572.450,-38.165,8.73501,10.14200,-2.41837,-0.61016,18168.9,1.08464,0.27116,1022.4,49.2,9.80747,5.96273,1.09054,0.27153,23933481,0.50507,0.12627,1579949,30201,16.99079,7.06801,0.50635,0.12635
2022-07-01,7251.5,-9.02113,-2.25528,-319.4,-165.4,8.88896,-4.21879,-8.62619,-2.23004,6097.085,-7.77787,-1.94447,185.486,-119.716,8.71557,3.13766,-7.48309,-1.92568,18664.2,10.75836,2.68959,1814.4,495.3,9.83436,10.76808,11.35840,2.72609,24320206,6.41167,1.60292,2014327,386725,17.00682,9.03048,6.62168,1.61583
2022-10-01,7197.8,-2.97317,-0.74329,-542.6,-53.7,8.88153,-7.00997,-2.92940,-0.74054,5944.675,-10.12597,-2.53149,-196.824,-152.410,8.69025,-3.20482,-9.63017,-2.49972,19018.5,7.52198,1.88049,1527.2,354.3,9.85317,8.73120,7.81210,1.89829,24539241,3.58639,0.89660,1370912,219035,17.01578,5.91718,3.65148,0.90063
2023-01-01,7471.4,14.92279,3.73070,-132.8,273.6,8.91884,-1.74640,16.09375,3.80116,5713.249,-15.88320,-3.97080,-541.717,-231.426,8.65054,-8.66059,-14.68603,-3.89300,19413.8,8.22879,2.05720,1294.1,395.3,9.87374,7.14195,8.57683,2.07850,24714826,2.85192,0.71298,811546,175585,17.02291,3.39512,2.89298,0.71553
2023-04-01,7559.0,4.66260,1.16565,142.1,87.6,8.93049,1.91589,4.77301,1.17247,5522.478,-13.58448,-3.39612,-694.323,-190.771,8.61658,-11.16849,-12.70219,-3.33910,20355.4,18.94483,4.73621,2186.5,941.6,9.92110,12.03430,20.85827,4.85016,25482075,12.22878,3.05720,1548594,767249,17.05349,6.47041,13.00793,3.10441
2023-07-01,7515.1,-2.32983,-0.58246,263.6,-43.9,8.92467,3.63511,-2.30290,-0.58076,5352.361,-12.51556,-3.12889,-744.724,-170.117,8.58529,-12.21443,-11.76404,-3.08045,21377.4,19.59522,4.89881,2713.2,1022.0,9.97009,14.53692,21.64688,5.02078,26349499,13.38960,3.34740,2029293,867424,17.08696,8.34406,14.32739,3.40406
2023-10-01,7944.4,22.22118,5.55529,746.6,429.3,8.98022,10.37261,24.88358,5.71250,5238.936,-8.56774,-2.14193,-705.739,-113.425,8.56387,-11.87178,-8.21097,-2.11916,22153.4,14.26268,3.56567,3134.9,776.0,10.00575,16.48342,15.32993,3.63000,26960227,9.16538,2.29134,2420986,610728,17.10987,9.86577,9.59853,2.31780
2024-01-01,8114.9,8.49384,2.12346,643.5,170.5,9.00146,8.61284,8.86500,2.14617,4991.260,-19.37202,-4.84300,-721.989,-247.676,8.51544,-12.63710,-17.61116,-4.72760,22903.1,13.31252,3.32813,3489.3,749.7,10.03903,17.97330,14.23930,3.38413,27533422,8.41516,2.10379,2818596,573195,17.13091,11.40447,8.77938,2.12608
2024-04-01,8210.6,4.68965,1.17241,651.6,95.7,9.01318,8.62019,4.80135,1.17931,4813.840,-14.47731,-3.61933,-708.638,-177.420,8.47925,-12.83188,-13.47814,-3.55461,23159.5,4.45312,1.11328,2804.1,256.4,10.05016,13.77571,4.55376,1.11950,27634108,1.46008,0.36502,2152033,100686,17.13456,8.44528,1.47079,0.36569
2024-07-01,8672.9,21.91089,5.47772,1157.8,462.3,9.06796,15.40632,24.49668,5.63053,4713.975,-8.38544,-2.09636,-638.386,-99.865,8.45829,-11.92719,-8.04349,-2.07454,23943.0,13.30838,3.32709,2565.6,783.5,10.08343,12.00146,14.23457,3.38306,28325715,9.88770,2.47192,1976216,691607,17.15928,7.50001,10.39305,2.50273
