observation_date,A053RC1Q027SBEA,A053RC1Q027SBEA_CCA,A053RC1Q027SBEA_CCH,A053RC1Q027SBEA_CH1,A053RC1Q027SBEA_CHG,A053RC1Q027SBEA_LOG,A053RC1Q027SBEA_PC1,A053RC1Q027SBEA_PCA,A053RC1Q027SBEA_PCH,DRTSCILM,DRTSCILM_CCA,DRTSCILM_CCH,DRTSCILM_CH1,DRTSCILM_CHG,DRTSCILM_LOG,DRTSCILM_PC1,DRTSCILM_PCA,DRTSCILM_PCH,ECIWAG,ECIWAG_CCA,ECIWAG_CCH,ECIWAG_CH1,ECIWAG_CHG,ECIWAG_LOG,ECIWAG_PC1,ECIWAG_PCA,ECIWAG_PCH,FYGFGDQ188S,FYGFGDQ188S_CCA,FYGFGDQ188S_CCH,FYGFGDQ188S_CH1,FYGFGDQ188S_CHG,FYGFGDQ188S_LOG,FYGFGDQ188S_PC1,FYGFGDQ188S_PCA,FYGFGDQ188S_PCH,GDP,GDP_CCA,GDP_CCH,GDP_CH1,GDP_CHG,GDP_LOG,GDP_PC1,GDP_PCA,GDP_PCH,GFDEGDQ188S,GFDEGDQ188S_CCA,GFDEGDQ188S_CCH,GFDEGDQ188S_CH1,GFDEGDQ188S_CHG,GFDEGDQ188S_LOG,GFDEGDQ188S_PC1,GFDEGDQ188S_PCA,GFDEGDQ188S_PCH,TDSP,TDSP_CCA,TDSP_CCH,TDSP_CH1,TDSP_CHG,TDSP_LOG,TDSP_PC1,TDSP_PCA,TDSP_PCH
1980-01-01,308.567,10.72963,2.68241,13.809,8.167,5.73194,4.68486,11.32641,2.71871,,,,,,,,,,,,,,,,,,,23.91257,-4.04347,-1.01087,-1.04253,-0.24295,3.17440,-4.17762,-3.96281,-1.00577,2789.842,9.57061,2.39265,263.232,65.959,7.93374,10.41839,10.04356,2.42151,30.94982,-0.98529,-0.24632,-0.58619,-0.07633,3.43237,-1.85880,-0.98045,-0.24602,10.608892,,,,,2.36169,,,
1980-04-01,259.369,-69.47490,-17.36872,-43.940,-49.198,5.55825,-14.48688,-50.08003,-15.94403,,,,,,,,,,,,,,,,,,,24.40558,8.16301,2.04075,0.23235,0.49301,3.19481,0.96119,8.50544,2.06172,2797.352,1.07532,0.26883,206.105,7.510,7.93643,7.95389,1.08112,0.26919,31.37303,5.43257,1.35814,0.31026,0.42321,3.44595,0.99882,5.58284,1.36741,10.629809,0.78788,0.19697,,0.020917,2.36366,,0.79099,0.19716
1980-07-01,273.866,21.75487,5.43872,-33.178,14.497,5.61264,-10.80562,24.30260,5.58933,,,,,,,,,,,,,,,,,,,24.85427,7.28711,1.82178,0.90599,0.44869,3.21303,3.78311,7.55919,1.83847,2856.483,8.36716,2.09179,188.918,59.131,7.95735,7.08204,8.72717,2.11382,31.77687,5.11602,1.27901,0.79285,0.40384,3.45874,2.55890,5.24915,1.28722,10.402635,-8.64123,-2.16031,,-0.227174,2.34206,,-8.27841,-2.13714
1980-10-01,287.493,19.42383,4.85596,-12.907,13.627,5.66120,-4.29660,21.43856,4.97579,,,,,,,,,,,,,,,,,,,24.71050,-2.32053,-0.58013,0.55498,-0.14377,3.20723,2.29753,-2.29381,-0.57845,2985.557,17.67807,4.41952,261.674,129.074,8.00154,9.60665,19.33694,4.51863,31.15700,-7.87989,-1.96997,0.13085,-0.61987,3.43904,0.42174,-7.57742,-1.95070,10.253121,-5.79080,-1.44770,,-0.149514,2.32758,,-5.62632,-1.43727
1981-01-01,290.091,3.59846,0.89962,-18.476,2.598,5.67019,-5.98768,3.66399,0.90367,,,,,,,,,,,,,,,,,,,24.76392,0.86380,0.21595,0.85135,0.05342,3.20939,3.56026,0.86754,0.21618,3124.206,18.15754,4.53938,334.364,138.649,8.04694,11.98505,19.91049,4.64399,30.87284,-3.66484,-0.91621,-0.07698,-0.28416,3.42988,-0.24873,-3.59850,-0.91203,10.291887,1.50951,0.37738,-0.317005,0.038766,2.33136,-2.98811,1.52096,0.37809
1981-04-01,269.173,-29.93615,-7.48404,9.804,-20.918,5.59535,3.77994,-25.87086,-7.21084,,,,,,,,,,,,,,,,,,,24.38726,-6.13076,-1.53269,-0.01832,-0.37666,3.19406,-0.07506,-5.94661,-1.52100,3162.532,4.87712,1.21928,365.180,38.326,8.05913,13.05449,4.99801,1.22674,30.70875,-2.13168,-0.53292,-0.66428,-0.16409,3.42455,-2.11736,-2.10912,-0.53150,10.424711,5.12925,1.28231,-0.205098,0.132824,2.34418,-1.92946,5.26308,1.29057
1981-07-01,276.768,11.13013,2.78253,2.902,7.595,5.62318,1.05964,11.77316,2.82161,,,,,,,,,,,,,,,,,,,24.22244,-2.71256,-0.67814,-0.63183,-0.16482,3.18728,-2.54214,-2.67610,-0.67584,3260.609,12.21641,3.05410,404.126,98.077,8.08967,14.14768,12.99395,3.10122,30.60333,-1.37552,-0.34388,-1.17354,-0.10542,3.42111,-3.69306,-1.36610,-0.34329,10.316158,-4.18706,-1.04676,-0.086477,-0.108553,2.33371,-0.83130,-4.10061,-1.04130
1981-10-01,264.071,-18.78464,-4.69616,-23.422,-12.697,5.57622,-8.14698,-17.12580,-4.58760,,,,,,,,,,,,,,,,,,,25.16168,15.21709,3.80427,0.45118,0.93924,3.22532,1.82586,16.43592,3.87756,3280.818,2.47152,0.61788,295.261,20.209,8.09585,9.88965,2.50231,0.61979,31.35587,9.71707,2.42927,0.19887,0.75254,3.44540,0.63828,10.20484,2.45901,10.392583,2.95239,0.73810,0.139462,0.076425,2.34109,1.36019,2.99641,0.74083
1982-01-01,232.072,-51.66814,-12.91703,-58.019,-31.999,5.44705,-20.00028,-40.35032,-12.11757,,,,,,,,,,,,,,,,,,,26.23118,16.65063,4.16266,1.46726,1.06950,3.26695,5.92499,18.11710,4.25051,3274.302,-0.79523,-0.19881,150.096,-6.516,8.09386,4.80429,-0.79207,-0.19861,32.41298,13.26299,3.31575,1.54014,1.05711,3.47856,4.98866,14.18273,3.37133,10.461082,2.62781,0.65695,0.169195,0.068499,2.34766,1.64396,2.66264,0.65911
1982-04-01,236.016,6.74077,1.68519,-33.157,3.944,5.46390,-12.31810,6.97315,1.69947,,,,,,,,,,,,,,,,,,,26.04812,-2.80127,-0.70032,1.66086,-0.18306,3.25995,6.81036,-2.76240,-0.69787,3331.972,6.98384,1.74596,169.440,57.670,8.11132,5.35773,7.23349,1.76129,32.40213,-0.13392,-0.03348,1.69338,-0.01085,3.47822,5.51432,-0.13383,-0.03347,10.515989,2.09399,0.52350,0.091278,0.054907,2.35290,0.87559,2.11606,0.52487
1982-07-01,231.801,-7.20814,-1.80204,-44.967,-4.215,5.44588,-16.24718,-6.95449,-1.78590,,,,,,,,,,,,,,,,,,,27.49681,21.64976,5.41244,3.27437,1.44869,3.31407,13.51792,24.17201,5.56159,3366.322,4.10257,1.02564,105.713,34.350,8.12158,3.24212,4.18789,1.03092,33.92530,18.37475,4.59369,3.32197,1.52317,3.52416,10.85493,20.17124,4.70083,10.418289,-3.73362,-0.93340,0.102131,-0.097700,2.34356,0.99001,-3.66478,-0.92906
1982-10-01,221.016,-19.05766,-4.76441,-43.055,-10.785,5.39824,-16.30433,-17.35175,-4.65270,,,,,,,,,,,,,,,,,,,29.02869,21.68586,5.42147,3.86701,1.53188,3.36828,15.36865,24.21685,5.57112,3402.561,4.28305,1.07076,121.743,36.239,8.13228,3.71075,4.37610,1.07652,35.18156,14.54441,3.63610,3.82569,1.25626,3.56052,12.20087,15.65531,3.70302,10.383283,-1.34628,-0.33657,-0.009300,-0.035006,2.34020,-0.08949,-1.33726,-0.33601
1983-01-01,224.222,5.76061,1.44015,-7.850,3.206,5.41264,-3.38257,5.92977,1.45057,,,,,,,,,,,,,,,,,,,30.03786,13.66957,3.41739,3.80668,1.00917,3.40246,14.51204,14.64793,3.47646,3473.413,8.24372,2.06093,199.111,70.852,8.15289,6.08102,8.59305,2.08231,35.82911,7.29544,1.82386,3.41613,0.64755,3.57876,10.53939,7.56815,1.84059,10.345889,-1.44315,-0.36079,-0.115193,-0.037394,2.33659,-1.10116,-1.43278,-0.36014
1983-04-01,258.631,57.10628,14.27657,22.615,34.409,5.55540,9.58198,77.01474,15.34595,,,,,,,,,,,,,,,,,,,30.46486,5.64612,1.41153,4.41674,0.42700,3.41657,16.95608,5.80856,1.42154,3578.848,11.96131,2.99033,246.876,105.435,8.18280,7.40931,12.70607,3.03549,36.87167,11.47313,2.86828,4.46954,1.04256,3.60744,13.79397,12.15720,2.90981,10.371060,0.97200,0.24300,-0.144929,0.025171,2.33902,-1.37818,0.97674,0.24329
1983-07-01,278.701,29.89487,7.47372,46.900,20.070,5.63014,20.23287,34.84405,7.76009,,,,,,,,,,,,,,,,,,,30.85207,5.05198,1.26300,3.35526,0.38721,3.42920,12.20236,5.18177,1.27101,3689.179,12.14519,3.03630,322.857,110.331,8.21316,9.59079,12.91351,3.08286,37.33110,4.95330,1.23833,3.40580,0.45943,3.61983,10.03912,5.07803,1.24602,10.377321,0.24141,0.06035,-0.040968,0.006261,2.33962,-0.39323,0.24170,0.06037
1983-10-01,286.539,11.09405,2.77351,65.523,7.838,5.65787,29.64627,11.73284,2.81233,,,,,,,,,,,,,,,,,,,30.94904,1.25525,0.31381,1.92035,0.09697,3.43234,6.61535,1.26316,0.31431,3794.706,11.28120,2.82030,392.145,105.527,8.24136,11.52500,11.94215,2.86045,37.17553,-1.67040,-0.41760,1.99397,-0.15557,3.61565,5.66766,-1.65653,-0.41673,10.427236,1.91939,0.47985,0.043953,0.049915,2.34442,0.42331,1.93793,0.48100
1984-01-01,307.677,28.47035,7.11759,83.455,21.138,5.72905,37.21981,32.93678,7.37701,,,,,,,,,,,,,,,,,,,31.31733,4.73186,1.18296,1.27947,0.36829,3.44417,4.25952,4.84559,1.18999,3908.054,11.77305,2.94326,434.641,113.348,8.27079,12.51337,12.49409,2.98700,37.45447,2.99013,0.74753,1.62536,0.27894,3.62313,4.53642,3.03528,0.75033,10.489086,2.36562,0.59141,0.143197,0.061850,2.35034,1.38410,2.39383,0.59316
1984-04-01,307.550,-0.16514,-0.04129,48.919,-0.127,5.72864,18.91459,-0.16501,-0.04128,,,,,,,,,,,,,,,,,,,31.30237,-0.19112,-0.04778,0.83751,-0.01496,3.44369,2.74910,-0.19094,-0.04777,4009.601,10.26087,2.56522,430.753,101.547,8.29645,12.03608,10.80578,2.59840,37.72687,2.89860,0.72465,0.85520,0.27240,3.63037,2.31940,2.94102,0.72728,10.623422,5.09036,1.27259,0.252362,0.134336,2.36306,2.43333,5.22214,1.28072
1984-07-01,286.582,-28.24519,-7.06130,7.881,-20.968,5.65802,2.82776,-24.60671,-6.81775,,,,,,,,,,,,,,,,,,,32.05443,9.49663,2.37416,1.20236,0.75206,3.46744,3.89718,9.96218,2.40257,4084.250,7.37855,1.84464,395.071,74.649,8.31489,10.70891,7.65759,1.86176,38.49586,8.07125,2.01781,1.16476,0.76899,3.65055,3.12008,8.40592,2.03831,10.736276,4.22684,1.05671,0.358955,0.112854,2.37363,3.45903,4.31744,1.06231
1984-10-01,288.699,2.94397,0.73599,2.160,2.117,5.66538,0.75382,2.98773,0.73871,,,,,,,,,,,,,,,,,,,33.10472,12.89619,3.22405,2.15568,1.05029,3.49968,6.96526,13.76468,3.27658,4148.551,6.24840,1.56210,353.845,64.301,8.33051,9.32470,6.44774,1.57436,40.08547,16.18529,4.04632,2.90994,1.58961,3.69101,7.82757,17.56873,4.12930,10.894821,5.86370,1.46593,0.467585,0.158545,2.38829,4.48427,6.03903,1.47672
1985-01-01,284.354,-6.06587,-1.51647,-23.323,-4.345,5.65022,-7.58035,-5.88556,-1.50503,,,,,,,,,,,,,,,,,,,33.45569,4.21840,1.05460,2.13836,0.35097,3.51022,6.82804,4.30864,1.06018,4230.168,7.79304,1.94826,322.114,81.617,8.35000,8.24231,8.10474,1.96736,40.44121,3.53416,0.88354,2.98674,0.35574,3.69985,7.97432,3.59735,0.88745,11.235038,12.29990,3.07497,0.745952,0.340217,2.41904,7.11170,13.08833,3.12274
1985-04-01,283.403,-1.34001,-0.33500,-24.147,-0.951,5.64687,-7.85141,-1.33107,-0.33444,,,,,,,,,,,,,,,,,,,34.00518,6.51640,1.62910,2.70281,0.54949,3.52651,8.63452,6.73340,1.64244,4294.887,6.07341,1.51835,285.286,64.719,8.36518,7.11507,6.26164,1.52994,41.31983,8.59729,2.14932,3.59296,0.87862,3.72134,9.52361,8.97768,2.17259,11.320013,3.01397,0.75349,0.696591,0.084975,2.42657,6.55712,3.05985,0.75634
1985-07-01,293.054,13.39479,3.34870,6.472,9.651,5.68036,2.25834,14.33333,3.40540,,,,,,,,,,,,,,,,,,,34.34319,3.95635,0.98909,2.28876,0.33801,3.53640,7.14023,4.03566,0.99400,4386.773,8.46745,2.11686,302.523,91.886,8.38635,7.40706,8.83628,2.13943,41.55909,2.30950,0.57737,3.06323,0.23926,3.72712,7.95730,2.33637,0.57904,11.600990,9.80729,2.45182,0.864714,0.280977,2.45109,8.05413,10.30432,2.48213
1985-10-01,292.145,-1.24266,-0.31066,3.446,-0.909,5.67725,1.19363,-1.23497,-0.31018,,,,,,,,,,,,,,,,,,,35.93720,18.14769,4.53692,2.83248,1.59401,3.58177,8.55612,19.89868,4.64142,4444.094,5.19286,1.29821,295.543,57.321,8.39933,7.12401,5.33005,1.30668,43.78715,20.88965,5.22241,3.70168,2.22806,3.77934,9.23447,23.23174,5.36119,11.725980,4.28658,1.07165,0.831159,0.124990,2.46181,7.62894,4.37978,1.07741
1986-01-01,262.509,-42.78595,-10.69649,-21.845,-29.636,5.57029,-7.68233,-34.80970,-10.14428,,,,,,,,,,,,,,,,,,,36.25327,3.50265,0.87566,2.79758,0.31607,3.59053,8.36205,3.56471,0.87951,4507.894,5.70162,1.42541,277.726,63.800,8.41359,6.56537,5.86730,1.43561,44.07415,2.61322,0.65330,3.63294,0.28700,3.78587,8.98326,2.64766,0.65544,11.735722,0.33218,0.08305,0.500684,0.009742,2.46264,4.45645,0.33274,0.08308
1986-04-01,259.631,-4.40959,-1.10240,-23.772,-2.878,5.55926,-8.38806,-4.31378,-1.09634,,,,,,,,,,,,,,,,,,,37.06959,8.90695,2.22674,3.06441,0.81632,3.61280,9.01160,9.31566,2.25171,4545.340,3.30898,0.82725,250.453,37.446,8.42186,5.83142,3.36434,0.83068,45.30682,11.03365,2.75841,3.98699,1.23267,3.81346,9.64910,11.66538,2.79681,11.810776,2.54999,0.63750,0.490763,0.075054,2.46901,4.33536,2.58278,0.63953
1986-07-01,260.908,1.96259,0.49065,-32.146,1.277,5.56417,-10.96931,1.98197,0.49185,,,,,,,,,,,,,,,,,,,37.81619,7.97614,1.99404,3.47300,0.74660,3.63274,10.11263,8.30287,2.01405,4607.669,5.44782,1.36196,220.896,62.329,8.43548,5.03550,5.59895,1.37127,46.12536,7.16213,1.79053,4.56627,0.81854,3.83136,10.98742,7.42485,1.80666,11.925098,3.85317,0.96329,0.324108,0.114322,2.47865,2.79380,3.92837,0.96795
1986-10-01,278.491,26.08716,6.52179,-13.654,17.583,5.62939,-4.67371,29.80609,6.73916,,,,,,,,,,,,,,,,,,,38.89843,11.28663,2.82166,2.96123,1.08224,3.66095,8.24001,11.94822,2.86184,4657.627,4.31360,1.07840,213.533,49.958,8.44626,4.80487,4.40799,1.08424,47.55286,12.19161,3.04790,3.76571,1.42750,3.86184,8.60003,12.96593,3.09483,12.086648,5.38245,1.34561,0.360668,0.161550,2.49210,3.07580,5.52993,1.35471
1987-01-01,293.229,20.62725,5.15681,30.720,14.738,5.68095,11.70246,22.90881,5.29209,,,,,,,,,,,,,,,,,,,38.94981,0.52800,0.13200,2.69654,0.05138,3.66227,7.43806,0.52940,0.13209,4722.156,5.50375,1.37594,214.262,64.529,8.46002,4.75304,5.65803,1.38545,47.57835,0.21436,0.05359,3.50420,0.02549,3.86238,7.95069,0.21459,0.05360,11.976906,-3.64843,-0.91211,0.241184,-0.109742,2.48298,2.05513,-3.58268,-0.90796
1987-04-01,335.736,54.14851,13.53713,76.105,42.507,5.81633,29.31276,71.85571,14.49618,,,,,,,,,,,,,,,,,,,38.93233,-0.17955,-0.04489,1.86274,-0.01748,3.66183,5.02498,-0.17939,-0.04488,4806.160,7.05318,1.76330,260.820,84.004,8.47765,5.73818,7.30787,1.77893,48.04867,3.93465,0.98366,2.74185,0.47032,3.87221,6.05174,4.01308,0.98852,12.125118,4.91955,1.22989,0.314342,0.148212,2.49528,2.66148,5.04257,1.23748
1987-07-01,355.594,22.98580,5.74645,94.686,19.858,5.87379,36.29095,25.84213,5.91477,,,,,,,,,,,,,,,,,,,38.75706,-1.80483,-0.45121,0.94087,-0.17527,3.65731,2.48801,-1.78864,-0.45019,4884.555,6.47190,1.61798,276.886,78.395,8.49383,6.00924,6.68592,1.63114,48.11650,0.56428,0.14107,1.99114,0.06783,3.87363,4.31680,0.56587,0.14117,11.996017,-4.28180,-1.07045,0.070919,-0.129101,2.48457,0.59470,-4.19142,-1.06474
1987-10-01,357.921,2.60906,0.65227,79.430,2.327,5.88031,28.52157,2.64340,0.65440,,,,,,,,,,,,,,,,,,,39.01892,2.69349,0.67337,0.12049,0.26186,3.66405,0.30976,2.73009,0.67564,5007.994,9.98290,2.49572,350.367,123.439,8.51879,7.52244,10.49819,2.52713,48.55667,3.64257,0.91064,1.00381,0.44017,3.88273,2.11094,3.70972,0.91480,11.851825,-4.83713,-1.20928,-0.234823,-0.144192,2.47248,-1.94283,-4.72200,-1.20200
1988-01-01,364.815,7.63123,1.90781,71.586,6.894,5.89939,24.41300,7.92996,1.92612,,,,,,,,,,,,,,,,,,,39.35668,3.44762,0.86191,0.40687,0.33776,3.67267,1.04460,3.50774,0.86563,5073.372,5.18810,1.29702,351.216,65.378,8.53176,7.43762,5.32504,1.30547,49.03151,3.89263,0.97316,1.45316,0.47484,3.89246,3.05425,3.96939,0.97791,11.777922,-2.50204,-0.62551,-0.198984,-0.073903,2.46623,-1.66140,-2.47100,-0.62356
1988-04-01,386.624,23.22491,5.80623,50.888,21.809,5.95745,15.15715,26.14339,5.97810,,,,,,,,,,,,,,,,,,,38.79383,-5.76180,-1.44045,-0.13850,-0.56285,3.65826,-0.35575,-5.59895,-1.43013,5190.036,9.09398,2.27349,383.876,116.664,8.55450,7.98717,9.52031,2.29954,49.08744,0.45602,0.11400,1.03877,0.05593,3.89360,2.16191,0.45706,0.11407,11.748150,-1.01239,-0.25310,-0.376968,-0.029772,2.46370,-3.10898,-1.00728,-0.25278
1988-07-01,394.999,8.57224,2.14306,39.405,8.375,5.97888,11.08146,8.95038,2.16619,,,,,,,,,,,,,,,,,,,38.83776,0.45270,0.11318,0.08070,0.04393,3.65939,0.20822,0.45373,0.11324,5282.835,7.08890,1.77223,398.280,92.799,8.57222,8.15386,7.34621,1.78802,49.25732,1.38192,0.34548,1.14082,0.16988,3.89706,2.37095,1.39151,0.34608,11.697093,-1.74217,-0.43554,-0.298924,-0.051057,2.45934,-2.49186,-1.72708,-0.43460
1988-10-01,414.138,18.92641,4.73160,56.217,19.139,6.02620,15.70654,20.83600,4.84533,,,,,,,,,,,,,,,,,,,38.80314,-0.35672,-0.08918,-0.21578,-0.03462,3.65850,-0.55301,-0.35608,-0.08914,5399.509,8.73806,2.18451,391.515,116.674,8.59406,7.81780,9.13119,2.20855,49.71548,3.70335,0.92584,1.15881,0.45816,3.90632,2.38651,3.77278,0.93014,11.573993,-4.23190,-1.05798,-0.277832,-0.123100,2.44876,-2.34421,-4.14361,-1.05240
1989-01-01,415.784,1.58666,0.39666,50.969,1.646,6.03017,13.97119,1.59931,0.39745,,,,,,,,,,,,,,,,,,,38.71024,-0.95880,-0.23970,-0.64644,-0.09290,3.65610,-1.64252,-0.95422,-0.23941,5511.253,8.19359,2.04840,437.881,111.744,8.61455,8.63097,8.53862,2.06952,49.73276,0.13901,0.03475,0.70125,0.01728,3.90666,1.43020,0.13910,0.03476,11.577244,0.11234,0.02808,-0.200678,0.003251,2.44904,-1.70385,0.11240,0.02809
1989-04-01,396.129,-19.37039,-4.84260,9.505,-19.655,5.98174,2.45846,-17.60982,-4.72721,,,,,,,,,,,,,,,,,,,38.16724,-5.65064,-1.41266,-0.62659,-0.54300,3.64198,-1.61518,-5.49396,-1.40273,5612.463,7.27906,1.81977,422.427,101.210,8.63274,8.13919,7.55053,1.83642,49.88760,1.24344,0.31086,0.80016,0.15484,3.90977,1.63007,1.25120,0.31134,11.746960,5.82121,1.45530,-0.001190,0.169716,2.46359,-0.01013,5.99398,1.46594
1989-07-01,381.767,-14.77178,-3.69294,-13.232,-14.362,5.94481,-3.34988,-13.73254,-3.62559,,,,,,,,,,,,,,,,,,,38.28949,1.27916,0.31979,-0.54827,0.12225,3.64518,-1.41169,1.28737,0.32030,5695.365,5.86521,1.46630,412.530,82.902,8.64741,7.80888,6.04063,1.47711,50.17117,2.26723,0.56681,0.91385,0.28357,3.91544,1.85526,2.29313,0.56842,11.810156,2.14614,0.53654,0.113063,0.063196,2.46896,0.96659,2.16934,0.53798
1989-10-01,381.620,-0.15405,-0.03851,-32.518,-0.147,5.94443,-7.85197,-0.15393,-0.03851,,,,,,,,,,,,,,,,,,,39.06522,8.02284,2.00571,0.26208,0.77573,3.66523,0.67541,8.35346,2.02596,5747.237,3.62661,0.90665,347.728,51.872,8.65647,6.43999,3.69318,0.91078,51.38111,9.53201,2.38300,1.66563,1.20994,3.93927,3.35032,10.00110,2.41162,11.760331,-1.69110,-0.42278,0.186338,-0.049825,2.46473,1.60997,-1.67688,-0.42188
1990-01-01,389.554,8.23086,2.05771,-26.230,7.934,5.96500,-6.30856,8.57908,2.07903,,,,,,,,,,,,,,,,,,,39.66257,6.07015,1.51754,0.95233,0.59735,3.68041,2.46015,6.25816,1.52911,5872.701,8.63818,2.15954,361.448,125.464,8.67807,6.55836,9.02225,2.18303,51.96856,4.54733,1.13683,2.23580,0.58745,3.95064,4.49563,4.65231,1.14332,11.659860,-3.43197,-0.85799,0.082616,-0.100471,2.45615,0.71361,-3.37374,-0.85432
1990-04-01,406.690,17.21949,4.30487,10.561,17.136,6.00805,2.66605,18.79094,4.39888,54.4,,,,,3.99636,,,,,,,,,,,,,39.74431,0.82351,0.20588,1.57707,0.08174,3.68247,4.13200,0.82691,0.20609,5960.028,5.90421,1.47605,347.565,87.327,8.69283,6.19274,6.08199,1.48700,52.74730,5.94947,1.48737,2.85970,0.77874,3.96551,5.73229,6.13001,1.49848,11.606506,-1.83455,-0.45864,-0.140454,-0.053354,2.45157,-1.19566,-1.81782,-0.45759
1990-07-01,414.315,7.43013,1.85753,32.548,7.625,6.02663,8.52562,7.71313,1.87489,46.7,-61.04800,-15.26200,,-7.7,3.84374,,-45.69099,-14.15441,,,,,,,,,,40.52376,7.76871,1.94218,2.23427,0.77945,3.70189,5.83520,8.07845,1.96116,6015.116,3.68018,0.92005,319.751,55.088,8.70203,5.61423,3.74874,0.92429,53.75313,7.55572,1.88893,3.58196,1.00583,3.98440,7.13948,7.84850,1.90688,11.583384,-0.79766,-0.19941,-0.226772,-0.023122,2.44957,-1.92014,-0.79449,-0.19922
1990-10-01,412.052,-2.19080,-0.54770,30.432,-2.263,6.02115,7.97442,-2.16698,-0.54620,54.2,59.57470,14.89367,,7.5,3.99268,,81.43857,16.05996,,,,,,,,,,42.24243,16.61468,4.15367,3.17721,1.71867,3.74343,8.13309,18.07464,4.24114,6004.733,-0.69106,-0.17276,257.496,-10.383,8.70030,4.48034,-0.68867,-0.17262,56.03613,16.63791,4.15948,4.65502,2.28300,4.02600,9.05979,18.10207,4.24719,11.598423,0.51899,0.12975,-0.161908,0.015039,2.45087,-1.37673,0.52034,0.12983
1991-01-01,419.655,7.31336,1.82834,30.101,7.603,6.03943,7.72704,7.58742,1.84516,38.6,-135.77145,-33.94286,,-15.6,3.65325,,-74.27520,-28.78229,,,,,,,,,,43.05343,7.60669,1.90167,3.39086,0.81100,3.76244,8.54927,7.90348,1.91987,6035.178,2.02294,0.50574,162.477,30.445,8.70536,2.76665,2.04354,0.50702,57.41652,9.73416,2.43354,5.44796,1.38039,4.05033,10.48318,10.22369,2.46339,11.565484,-1.13760,-0.28440,-0.094376,-0.032939,2.44803,-0.80941,-1.13115,-0.28400
1991-04-01,420.589,0.88927,0.22232,13.899,0.934,6.04166,3.41759,0.89323,0.22256,20.0,-263.00800,-65.75200,-34.4,-18.6,2.99573,-63.23529,-92.79273,-48.18653,,,,,,,,,,43.13567,0.76335,0.19084,3.39136,0.08224,3.76435,8.53294,0.76627,0.19102,6126.862,6.03094,1.50774,166.834,91.684,8.72044,2.79922,6.21652,1.51916,57.74551,2.28541,0.57135,4.99821,0.32899,4.05605,9.47576,2.31173,0.57299,11.419594,-5.07780,-1.26945,-0.186912,-0.145890,2.43533,-1.61041,-4.95103,-1.26143
1991-07-01,427.351,6.37983,1.59496,13.036,6.762,6.05761,3.14640,6.58774,1.60775,18.6,-29.02828,-7.25707,-28.1,-1.4,2.92316,-60.17131,-25.19480,-7.00000,,,,,,,,,,44.24358,10.14400,2.53600,3.71982,1.10791,3.78971,9.17936,10.67636,2.56843,6205.937,5.12948,1.28237,190.821,79.075,8.73326,3.17236,5.26332,1.29063,59.06123,9.01164,2.25291,5.30810,1.31572,4.07857,9.87496,9.43017,2.27848,11.306831,-3.96944,-0.99236,-0.276553,-0.112763,2.42541,-2.38750,-3.89169,-0.98745
1991-10-01,434.284,6.43720,1.60930,22.232,6.933,6.07370,5.39544,6.64891,1.62232,16.7,-43.10114,-10.77529,-37.5,-1.9,2.81541,-69.18819,-35.01485,-10.21505,,,,,,,,,,45.22334,8.76122,2.19030,2.98091,0.97976,3.81161,7.05667,9.15647,2.21447,6264.540,3.75950,0.93987,259.807,58.603,8.74266,4.32670,3.83106,0.94431,60.68599,10.85526,2.71382,4.64986,1.62476,4.10571,8.29797,11.46636,2.75098,11.110772,-6.99679,-1.74920,-0.487651,-0.196059,2.40792,-4.20446,-6.75762,-1.73399
1992-01-01,460.234,23.21454,5.80364,40.579,25.950,6.13174,9.66961,26.13031,5.97535,10.0,-205.12945,-51.28236,-28.6,-6.7,2.30259,-74.09326,-87.14316,-40.11976,,,,,,,,,,45.85232,5.52499,1.38125,2.79889,0.62898,3.82543,6.50097,5.68047,1.39083,6363.102,6.24433,1.56108,327.924,98.562,8.75827,5.43354,6.44341,1.57333,60.99679,2.04335,0.51084,3.58027,0.31080,4.11082,6.23561,2.06437,0.51214,10.858007,-9.20492,-2.30123,-0.707477,-0.252765,2.38490,-6.11714,-8.79398,-2.27495
1992-04-01,476.926,14.25051,3.56263,56.337,16.692,6.16736,13.39479,15.31590,3.62685,3.5,-419.92885,-104.98221,-16.5,-6.5,1.25276,-82.50000,-98.49938,-65.00000,,,,,,,,,,46.00345,1.31624,0.32906,2.86778,0.15113,3.82872,6.64828,1.32494,0.32960,6470.763,6.71121,1.67780,343.901,107.661,8.77505,5.61300,6.94154,1.69196,61.57938,3.80233,0.95058,3.83387,0.58259,4.12033,6.63925,3.87555,0.95512,10.688985,-6.27560,-1.56890,-0.730609,-0.169022,2.36921,-6.39785,-6.08274,-1.55666
1992-07-01,456.448,-17.55462,-4.38866,29.097,-20.478,6.12347,6.80869,-16.10014,-4.29375,-3.4,,,-22.0,-6.9,,-118.27957,-10.94804,-197.14286,,,,,,,,,,46.42086,3.61301,0.90325,2.17728,0.41741,3.83775,4.92112,3.67908,0.90734,6566.641,5.88336,1.47084,360.704,95.878,8.78976,5.81224,6.05988,1.48171,61.89802,2.06445,0.51611,2.83679,0.31864,4.12549,4.80313,2.08590,0.51745,10.551259,-5.18743,-1.29686,-0.755572,-0.137726,2.35625,-6.68244,-5.05518,-1.28849
1992-10-01,473.111,14.34210,3.58552,38.827,16.663,6.15933,8.94046,15.42156,3.65058,5.2,,,-11.5,8.6,1.64866,-68.86228,447.13904,-252.94118,,,,,,,,,,46.84030,3.59801,0.89950,1.61696,0.41944,3.84674,3.57550,3.66352,0.90356,6680.803,6.89430,1.72358,416.263,114.162,8.80699,6.64475,7.13751,1.73851,62.52256,4.01570,1.00393,1.83657,0.62454,4.13553,3.02635,4.09742,1.00898,10.467593,-3.18443,-0.79611,-0.643179,-0.083666,2.34828,-5.78879,-3.13427,-0.79295
1993-01-01,476.366,2.74257,0.68564,16.132,3.255,6.16619,3.50517,2.78053,0.68800,3.4,-169.95328,-42.48832,-6.6,-1.8,1.22378,-66.00000,-81.72311,-34.61538,,,,,,,,,,47.36720,4.47443,1.11861,1.51488,0.52690,3.85793,3.30382,4.57604,1.12489,6729.459,2.90263,0.72566,366.357,48.656,8.81425,5.75752,2.94516,0.72830,62.86657,2.19484,0.54871,1.86978,0.34401,4.14101,3.06537,2.21910,0.55022,10.430733,-1.41102,-0.35276,-0.427274,-0.036860,2.34476,-3.93511,-1.40112,-0.35213
1993-04-01,503.128,21.86326,5.46581,26.202,26.762,6.22084,5.49393,24.43740,5.61795,-12.1,,,-15.6,-15.5,,-445.71429,15940.79221,-455.88235,,,,,,,,,,47.76493,3.34467,0.83617,1.76148,0.39773,3.86629,3.82902,3.40124,0.83967,6808.939,4.69662,1.17416,338.176,79.480,8.82599,5.22622,4.80866,1.18108,63.91524,6.61731,1.65433,2.33586,1.04867,4.15756,3.79325,6.84117,1.66809,10.365702,-2.50163,-0.62541,-0.323283,-0.065031,2.33850,-3.02445,-2.47060,-0.62346
1993-07-01,508.489,4.23959,1.05990,52.041,5.361,6.23144,11.40130,4.33074,1.06553,-25.0,,,-21.6,-12.9,,635.29412,1722.29445,106.61157,,,,,,,,,,47.87488,0.91970,0.22993,1.45402,0.10995,3.86859,3.13226,0.92394,0.23019,6882.098,4.27490,1.06872,315.457,73.159,8.83668,4.80393,4.36759,1.07446,64.10093,1.16042,0.29010,2.20291,0.18569,4.16046,3.55893,1.16718,0.29053,10.417195,1.98213,0.49553,-0.134064,0.051493,2.34346,-1.27060,2.00191,0.49676
1993-10-01,560.399,38.88218,9.72054,87.288,51.910,6.32865,18.44979,47.52416,10.20868,-20.0,,,-25.2,5.0,,-484.61538,-59.04000,-20.00000,,,,,,,,,,48.22246,2.89358,0.72339,1.38216,0.34758,3.87582,2.95079,2.93585,0.72602,7013.738,7.57890,1.89472,332.935,131.640,8.85563,4.98346,7.87349,1.91279,64.66861,3.52682,0.88170,2.14605,0.56768,4.16928,3.43244,3.58975,0.88560,10.380138,-1.42545,-0.35636,-0.087455,-0.037057,2.33989,-0.83548,-1.41534,-0.35573
1994-01-01,569.189,6.22540,1.55635,92.823,8.790,6.34421,19.48565,6.42327,1.56853,-18.6,,,-22.0,1.4,,-647.05882,-25.19480,-7.00000,,,,,,,,,,48.26273,0.33390,0.08347,0.89553,0.04027,3.87666,1.89061,0.33445,0.08351,7115.652,5.77043,1.44261,386.193,101.914,8.87005,5.73884,5.94017,1.45306,64.30709,-2.24241,-0.56060,1.44052,-0.36152,4.16367,2.29139,-2.21746,-0.55903,10.401077,0.80607,0.20152,-0.029656,0.020939,2.34191,-0.28431,0.80933,0.20172
1994-04-01,591.648,15.47973,3.86993,88.520,22.459,6.38291,17.59393,16.74213,3.94579,-15.5,,,-3.4,3.1,,28.09917,-51.77469,-16.66667,,,,,,,,,,47.50795,-6.30502,-1.57626,-0.25698,-0.75478,3.86090,-0.53801,-6.11037,-1.56390,7246.931,7.31248,1.82812,437.992,131.279,8.88833,6.43260,7.58648,1.84493,64.10716,-1.24553,-0.31138,0.19192,-0.19993,4.16056,0.30027,-1.23781,-0.31090,10.466155,2.49494,0.62374,0.100453,0.065078,2.34815,0.96909,2.52633,0.62569
1994-07-01,629.705,24.93584,6.23396,121.216,38.057,6.44525,23.83847,28.32018,6.43237,-10.3,,,14.7,5.2,,-58.80000,-80.50056,-33.54839,,,,,,,,,,47.46442,-0.36668,-0.09167,-0.41046,-0.04353,3.85998,-0.85736,-0.36600,-0.09163,7331.075,4.61764,1.15441,448.977,84.144,8.89988,6.52384,4.72591,1.16110,64.01176,-0.59570,-0.14892,-0.08917,-0.09540,4.15907,-0.13911,-0.59393,-0.14881,10.600190,5.09008,1.27252,0.182995,0.134035,2.36087,1.75666,5.22185,1.28065
1994-10-01,653.542,14.86214,3.71553,93.143,23.837,6.48241,16.62084,16.02336,3.78542,-22.4,,,-2.4,-12.1,,12.00000,2136.88251,117.47573,,,,,,,,,,47.52490,0.50936,0.12734,-0.69756,0.06048,3.86125,-1.44655,0.51066,0.12742,7455.288,6.72057,1.68014,441.550,124.213,8.91668,6.29550,6.95154,1.69434,64.38584,2.33077,0.58269,-0.28277,0.37408,4.16489,-0.43726,2.35814,0.58439,10.713335,4.24692,1.06173,0.333197,0.113145,2.37149,3.20995,4.33839,1.06739
1995-01-01,672.292,11.31439,2.82860,103.103,18.750,6.51069,18.11402,11.97930,2.86898,-10.2,,,8.4,12.2,,-45.16129,-95.70059,-54.46429,,,,,,,,,,47.98352,3.84153,0.96038,-0.27921,0.45862,3.87086,-0.57852,3.91627,0.96501,7522.289,3.57876,0.89469,406.637,67.001,8.92563,5.71468,3.64357,0.89870,64.66271,1.71638,0.42909,0.35562,0.27687,4.16918,0.55300,1.73119,0.43002,10.903623,7.04236,1.76059,0.502546,0.190288,2.38910,4.83167,7.29626,1.77618
1995-04-01,692.346,11.75722,2.93931,100.698,20.054,6.54009,17.01992,12.47629,2.98293,-6.8,,,8.7,3.4,,-56.12903,-80.24691,-33.33333,,,,,,,,,,47.94631,-0.31031,-0.07758,0.43836,-0.03721,3.87008,0.92271,-0.30983,-0.07755,7580.997,3.10970,0.77742,334.066,58.708,8.93340,4.60976,3.15855,0.78045,65.31294,4.00220,1.00055,1.20578,0.65023,4.17919,1.88088,4.08337,1.00557,11.096832,7.02582,1.75645,0.630677,0.193209,2.40666,6.02587,7.27851,1.77197
1995-07-01,707.332,8.56573,2.14143,77.627,14.986,6.56150,12.32752,8.94329,2.16452,-8.6,,,1.7,-1.8,,-16.50485,155.83394,26.47059,,,,,,,,,,47.54835,-3.33390,-0.83348,0.08393,-0.39796,3.86175,0.17683,-3.27894,-0.83001,7683.125,5.35266,1.33816,352.050,102.128,8.94678,4.80216,5.49850,1.34716,64.73906,-3.53018,-0.88255,0.72730,-0.57388,4.17036,1.13620,-3.46860,-0.87866,11.203198,3.81584,0.95396,0.603008,0.106366,2.41620,5.68865,3.88958,0.95853
1995-10-01,710.943,2.03684,0.50921,57.401,3.611,6.56659,8.78306,2.05773,0.51051,-5.2,,,17.2,3.4,,-76.78571,-86.63344,-39.53488,,,,,,,,,,47.40004,-1.24961,-0.31240,-0.12486,-0.14831,3.85862,-0.26273,-1.24183,-0.31191,7772.586,4.63062,1.15766,317.298,89.461,8.95836,4.25601,4.73951,1.16438,64.18282,-3.45166,-0.86292,-0.20302,-0.55624,4.16174,-0.31532,-3.39277,-0.85920,11.242819,1.41214,0.35303,0.529484,0.039621,2.41973,4.94229,1.42215,0.35366
1996-01-01,738.865,15.40919,3.85230,66.573,27.922,6.60512,9.90239,16.65981,3.92746,6.9,,,17.1,12.1,1.93152,-167.64706,210.01520,-232.69231,,,,,,,,,,47.83675,3.66844,0.91711,-0.14677,0.43671,3.86779,-0.30588,3.73656,0.92133,7868.468,4.90418,1.22605,346.179,95.882,8.97062,4.60204,5.02643,1.23359,65.04171,5.31727,1.32932,0.37900,0.85889,4.17503,0.58612,5.46118,1.33819,11.263491,0.73480,0.18370,0.359868,0.020672,2.42157,3.30044,0.73750,0.18387
1996-04-01,753.681,7.94159,1.98540,61.335,14.816,6.62497,8.85901,8.26545,2.00524,-1.8,,,5.0,-8.7,,-73.52941,-99.53688,-126.08696,,,,,,,,,,46.54186,-10.97682,-2.74420,-1.40445,-1.29489,3.84035,-2.92921,-10.39582,-2.70689,8032.840,8.26990,2.06748,451.843,164.372,8.99129,5.96021,8.62148,2.08900,64.24970,-4.90068,-1.22517,-1.06324,-0.79201,4.16278,-1.62792,-4.78254,-1.21770,11.292664,1.03468,0.25867,0.195832,0.029173,2.42415,1.76476,1.04005,0.25900
1996-07-01,750.994,-1.42862,-0.35715,43.662,-2.687,6.62140,6.17277,-1.41846,-0.35652,-7.4,,,1.2,-5.6,,-13.95349,28465.17299,311.11111,,,,,,,,,,46.45946,-0.70881,-0.17720,-1.08889,-0.08240,3.83858,-2.29007,-0.70630,-0.17704,8131.408,4.87838,1.21960,448.283,98.568,9.00349,5.83464,4.99933,1.22706,64.25469,0.03107,0.00777,-0.48437,0.00499,4.16285,-0.74819,0.03107,0.00777,11.341343,1.72056,0.43014,0.138145,0.048679,2.42845,1.23309,1.73545,0.43107
1996-10-01,767.718,8.80993,2.20248,56.775,16.724,6.64342,7.98587,9.20965,2.22692,-8.6,,,-3.4,-1.2,,65.38462,82.41768,16.21622,,,,,,,,,,46.32082,-1.19543,-0.29886,-1.07922,-0.13864,3.83559,-2.27683,-1.18831,-0.29841,8259.771,6.26511,1.56628,487.185,128.363,9.01915,6.26799,6.46553,1.57861,64.44697,1.19520,0.29880,0.26415,0.19228,4.16584,0.41156,1.20237,0.29925,11.400413,2.07794,0.51949,0.157594,0.059070,2.43365,1.40173,2.09968,0.52084
1997-01-01,782.583,7.67100,1.91775,43.718,14.865,6.66260,5.91691,7.97289,1.93626,-8.9,,,-15.8,-0.3,,-228.98551,14.70074,3.48837,,,,,,,,,,46.32627,0.04706,0.01177,-1.51048,0.00545,3.83571,-3.15757,0.04707,0.01177,8362.655,4.95164,1.23791,494.187,102.884,9.03153,6.28060,5.07628,1.24560,64.34428,-0.63787,-0.15947,-0.69743,-0.10269,4.16425,-1.07228,-0.63584,-0.15934,11.361940,-1.35216,-0.33804,0.098449,-0.038473,2.43027,0.87405,-1.34306,-0.33747
1997-04-01,806.995,12.28699,3.07175,53.314,24.412,6.69332,7.07382,13.07373,3.11941,-10.3,,,-8.5,-1.4,,472.22222,79.38613,15.73034,,,,,,,,,,44.66071,-14.64602,-3.66150,-1.88115,-1.66556,3.79909,-4.04185,-13.62399,-3.59528,8518.825,7.40098,1.85025,485.985,156.170,9.05003,6.04998,7.68174,1.86747,63.10907,-7.75342,-1.93835,-1.14063,-1.23521,4.14486,-1.77531,-7.46046,-1.91969,11.364968,0.10659,0.02665,0.072304,0.003028,2.43054,0.64027,0.10664,0.02665
1997-07-01,842.423,17.18592,4.29648,91.429,35.428,6.73628,12.17440,18.75106,4.39011,-5.8,,,1.6,4.5,,-21.62162,-89.94544,-43.68932,,,,,,,,,,44.05470,-5.46484,-1.36621,-2.40476,-0.60601,3.78543,-5.17604,-5.31820,-1.35692,8662.823,6.70489,1.67622,531.415,143.998,9.06680,6.53534,6.93478,1.69035,62.48709,-3.96181,-0.99045,-1.76760,-0.62198,4.13496,-2.75093,-3.88436,-0.98556,11.373444,0.29821,0.07455,0.032101,0.008476,2.43128,0.28304,0.29865,0.07458
1997-10-01,836.112,-3.00788,-0.75197,68.394,-6.311,6.72876,8.90874,-2.96309,-0.74915,-7.0,,,1.6,-1.2,,-18.60465,112.16815,20.68966,,,,,,,,,,43.88258,-1.56585,-0.39146,-2.43824,-0.17212,3.78152,-5.26381,-1.55365,-0.39070,8765.907,4.73174,1.18293,506.136,103.084,9.07863,6.12772,4.84547,1.18996,62.77032,1.80895,0.45224,-1.67665,0.28323,4.13948,-2.60160,1.82541,0.45326,11.323085,-1.77504,-0.44376,-0.077328,-0.050359,2.42684,-0.67829,-1.75938,-0.44278
1998-01-01,761.336,-37.47512,-9.36878,-21.247,-74.776,6.63507,-2.71498,-31.25397,-8.94330,1.8,,,10.7,8.8,0.58779,-120.22472,-99.56278,-125.71429,,,,,,,,,,43.67063,-1.93665,-0.48416,-2.65564,-0.21195,3.77668,-5.73247,-1.91802,-0.48299,8866.480,4.56315,1.14079,503.825,100.573,9.09003,6.02470,4.66887,1.14732,62.50988,-1.66309,-0.41577,-1.83440,-0.26044,4.13532,-2.85091,-1.64934,-0.41491,11.176228,-5.22182,-1.30545,-0.185712,-0.146857,2.41379,-1.63451,-5.08782,-1.29697
1998-04-01,757.345,-2.10236,-0.52559,-49.650,-3.991,6.62982,-6.15245,-2.08041,-0.52421,-7.1,,,3.2,-8.9,,-31.06796,24107.13401,-494.44444,,,,,,,,,,42.25759,-13.15672,-3.28918,-2.40312,-1.41304,3.74378,-5.38084,-12.32797,-3.23568,8969.699,4.62970,1.15742,450.874,103.219,9.10161,5.29268,4.73854,1.16415,61.85196,-4.23233,-1.05808,-1.25711,-0.65792,4.12474,-1.99196,-4.14402,-1.05251,11.195718,0.69694,0.17424,-0.169250,0.019490,2.41553,-1.48923,0.69938,0.17439
1998-07-01,760.731,1.78437,0.44609,-81.692,3.386,6.63428,-9.69727,1.80038,0.44709,0.0,,,5.8,7.1,,-100.00000,-100.00000,-100.00000,,,,,,,,,,41.24869,-9.66585,-2.41646,-2.80601,-1.00890,3.71962,-6.36938,-9.21340,-2.38750,9121.097,6.69519,1.67380,458.274,151.398,9.11835,5.29012,6.92440,1.68788,60.58693,-8.26584,-2.06646,-1.90016,-1.26503,4.10408,-3.04088,-7.93344,-2.04525,11.183267,-0.44510,-0.11127,-0.190177,-0.012451,2.41442,-1.67211,-0.44411,-0.11121
1998-10-01,739.763,-11.17998,-2.79499,-96.349,-20.968,6.60633,-11.52346,-10.57767,-2.75630,36.4,,,43.4,36.4,3.59457,-620.00000,,,,,,,,,,,,40.75096,-4.85598,-1.21400,-3.13162,-0.49773,3.70748,-7.13636,-4.73997,-1.20666,9293.991,7.51119,1.87780,528.084,172.894,9.13712,6.02429,7.80048,1.89554,60.40696,-1.18995,-0.29749,-2.36336,-0.17997,4.10110,-3.76509,-1.18289,-0.29704,11.251900,2.44734,0.61184,-0.071185,0.068633,2.42054,-0.62867,2.47754,0.61371
1999-01-01,778.933,20.63807,5.15952,17.597,39.170,6.65793,2.31133,22.92211,5.29494,7.4,-637.23551,-159.30888,5.6,-29.0,2.00148,311.11111,-99.82919,-79.67033,,,,,,,,,,40.31744,-4.27811,-1.06953,-3.35319,-0.43352,3.69678,-7.67836,-4.18789,-1.06383,9411.682,5.03345,1.25836,545.202,117.691,9.14971,6.14902,5.16228,1.26631,60.04894,-2.37777,-0.59444,-2.46094,-0.35802,4.09516,-3.93688,-2.34973,-0.59268,11.306154,1.92407,0.48102,0.129926,0.054254,2.42535,1.16252,1.94270,0.48218
1999-04-01,792.128,6.71918,1.67980,34.783,13.195,6.67472,4.59275,6.95006,1.69398,10.0,120.44204,30.11051,17.1,2.6,2.30259,-240.84507,233.48256,35.13514,,,,,,,,,,38.68450,-16.53805,-4.13451,-3.57309,-1.63294,3.65544,-8.45550,-15.24289,-4.05021,9526.210,4.83811,1.20953,556.511,114.528,9.16180,6.20434,4.95705,1.21687,59.19227,-5.74757,-1.43689,-2.65969,-0.85667,4.08079,-4.30009,-5.58552,-1.42662,11.474377,5.90771,1.47693,0.278659,0.168223,2.44012,2.48898,6.08571,1.48789
1999-07-01,796.885,2.39495,0.59874,36.154,4.757,6.68071,4.75253,2.42386,0.60053,5.4,-246.47446,-61.61861,5.4,-4.6,1.68640,,-91.49694,-46.00000,,,,,,,,,,37.86248,-8.59134,-2.14784,-3.38621,-0.82202,3.63396,-8.20925,-8.23263,-2.12493,9686.626,6.67969,1.66992,565.529,160.416,9.17850,6.20023,6.90783,1.68394,58.39258,-5.44085,-1.36021,-2.19435,-0.79969,4.06719,-3.62182,-5.29549,-1.35100,11.593912,4.14547,1.03637,0.410645,0.119535,2.45048,3.67196,4.23259,1.04176
1999-10-01,822.903,12.85118,3.21280,83.140,26.018,6.71284,11.23873,13.71349,3.26496,9.1,208.75018,52.18755,-27.3,3.7,2.20827,-75.00000,706.47430,68.51852,,,,,,,,,,37.52998,-3.52823,-0.88206,-3.22098,-0.33250,3.62514,-7.90406,-3.46671,-0.87818,9900.169,8.72226,2.18057,606.178,213.543,9.20031,6.52226,9.11396,2.20451,58.34336,-0.33731,-0.08433,-2.06360,-0.04922,4.06635,-3.41616,-0.33674,-0.08429,11.602639,0.30098,0.07524,0.350739,0.008727,2.45123,3.11715,0.30143,0.07527
2000-01-01,808.353,-7.13580,-1.78395,29.420,-14.550,6.69500,3.77696,-6.88715,-1.76813,10.9,72.19535,18.04884,3.5,1.8,2.38876,47.29730,105.84505,19.78022,,,,,,,,,,36.87171,-7.07820,-1.76955,-3.44573,-0.65827,3.60744,-8.54650,-6.83350,-1.75398,10002.179,4.10046,1.02511,590.497,102.010,9.21056,6.27409,4.18569,1.03039,57.72134,-4.28744,-1.07186,-2.32760,-0.62202,4.05563,-3.87617,-4.19683,-1.06614,11.581974,-0.71306,-0.17826,0.275820,-0.020665,2.44945,2.43956,-0.71052,-0.17811
2000-04-01,801.031,-3.63968,-0.90992,8.903,-7.322,6.68590,1.12393,-3.57424,-0.90579,24.6,325.59346,81.39837,14.6,13.7,3.20275,146.00000,2494.38507,125.68807,,,,,,,,,,34.11210,-31.11697,-7.77924,-4.57240,-2.75961,3.52965,-11.81972,-26.74105,-7.48436,10247.720,9.70091,2.42523,721.510,245.541,9.23481,7.57395,10.18704,2.45488,55.48491,-15.80634,-3.95159,-3.70736,-2.23643,4.01611,-6.26325,-14.62044,-3.87453,11.727593,4.99781,1.24945,0.253216,0.145619,2.46194,2.20680,5.12480,1.25729
2000-07-01,776.963,-12.20277,-3.05069,-19.922,-24.068,6.65539,-2.49998,-11.48761,-3.00463,33.9,128.26743,32.06686,28.5,9.3,3.52342,527.77778,260.62710,37.80488,,,,,,,,,,33.32391,-9.35080,-2.33770,-4.53857,-0.78819,3.50628,-11.98699,-8.92693,-2.31059,10318.165,2.74028,0.68507,631.539,70.445,9.24166,6.51970,2.77817,0.68742,54.99213,-3.56840,-0.89210,-3.40045,-0.49278,4.00719,-5.82343,-3.50549,-0.88813,11.883636,5.28715,1.32179,0.289724,0.156043,2.47516,2.49893,5.42942,1.33056
2000-10-01,759.341,-9.17671,-2.29418,-63.562,-17.622,6.63245,-7.72412,-8.76824,-2.26806,43.9,103.39972,25.84993,34.8,10.0,3.78191,382.41758,181.22847,29.49853,,,,,,,,,,32.71009,-7.43663,-1.85916,-4.81989,-0.61382,3.48768,-12.84277,-7.16684,-1.84198,10435.744,4.53236,1.13309,535.575,117.579,9.25299,5.40976,4.63664,1.13953,54.25790,-5.37659,-1.34415,-4.08546,-0.73423,3.99375,-7.00244,-5.23461,-1.33515,12.072070,6.29288,1.57322,0.469431,0.188434,2.49089,4.04590,6.49510,1.58566
2001-01-01,751.482,-4.16148,-1.04037,-56.871,-7.859,6.62205,-7.03542,-4.07608,-1.03498,59.6,122.29650,30.57413,48.7,15.7,4.08766,446.78899,239.72457,35.76310,87.6,,,,,4.47278,,,,32.80143,1.11541,0.27885,-4.07028,0.09134,3.49047,-11.03903,1.12165,0.27924,10470.231,1.31970,0.32993,468.052,34.487,9.25629,4.67950,1.32845,0.33047,55.14434,6.48220,1.62055,-2.57700,0.88644,4.00995,-4.46455,6.69691,1.63375,12.175219,3.40325,0.85081,0.593245,0.103149,2.49940,5.12214,3.46183,0.85444
2001-04-01,764.468,6.85316,1.71329,-36.563,12.986,6.63918,-4.56449,7.09345,1.72805,50.9,-63.11706,-15.77927,26.3,-8.7,3.92986,106.91057,-46.80313,-14.59732,88.4,3.63639,0.90910,,0.8,4.48187,,3.70331,0.91324,30.89137,-23.99810,-5.99953,-3.22073,-1.91006,3.43048,-9.44161,-21.33572,-5.82310,10599.000,4.88943,1.22236,351.280,128.769,9.26851,3.42788,5.01093,1.22986,54.03165,-8.15365,-2.03841,-1.45326,-1.11269,3.98957,-2.61920,-7.83009,-2.01778,12.386421,6.87925,1.71981,0.658828,0.211202,2.51660,5.61776,7.12140,1.73469
2001-07-01,694.937,-38.14359,-9.53590,-82.026,-69.531,6.54382,-10.55726,-31.71198,-9.09534,40.4,-92.41326,-23.10331,6.5,-10.5,3.69883,19.17404,-60.31245,-20.62868,89.2,3.60363,0.90091,,0.8,4.49088,,3.66935,0.90498,31.50312,7.84389,1.96097,-1.82079,0.61175,3.45009,-5.46391,8.15973,1.98033,10598.020,-0.03699,-0.00925,279.855,-0.980,9.26842,2.71226,-0.03698,-0.00925,54.79763,5.63078,1.40770,-0.19450,0.76598,4.00365,-0.35369,5.79233,1.41765,12.329806,-1.83248,-0.45812,0.446170,-0.056615,2.51202,3.75449,-1.81580,-0.45707
2001-10-01,659.188,-21.12497,-5.28124,-100.153,-35.749,6.49101,-13.18946,-19.04281,-5.14421,50.9,92.41326,23.10331,7.0,10.5,3.92986,15.94533,151.96816,25.99010,90.0,3.57145,0.89286,,0.8,4.49981,,3.63599,0.89686,31.83499,4.19176,1.04794,-0.87510,0.33187,3.46057,-2.67532,4.28086,1.05345,10660.465,2.34994,0.58748,224.721,62.445,9.27430,2.15338,2.37777,0.58921,55.75216,6.90768,1.72692,1.49426,0.95453,4.02092,2.75400,7.15185,1.74192,12.682582,11.28399,2.82100,0.610512,0.352776,2.54023,5.05723,11.94527,2.86116
2002-01-01,705.832,27.34739,6.83685,-45.650,46.644,6.55938,-6.07466,31.45230,7.07598,45.5,-44.86024,-11.21506,-14.1,-5.4,3.81771,-23.65772,-36.14801,-10.60904,90.7,3.09907,0.77477,3.1,0.7,4.50756,3.53881,3.14760,0.77778,31.93466,1.25038,0.31259,-0.86677,0.09967,3.46369,-2.64248,1.25823,0.31308,10783.500,4.59006,1.14751,313.269,123.035,9.28577,2.99200,4.69703,1.15412,55.69650,-0.39954,-0.09988,0.55216,-0.05566,4.01992,1.00130,-0.39874,-0.09983,12.456402,-7.19794,-1.79948,0.281183,-0.226180,2.52223,2.30947,-6.94499,-1.78339
2002-04-01,768.231,33.88529,8.47132,3.763,62.399,6.64409,0.49224,40.33369,8.84049,25.0,-239.53460,-59.88365,-25.9,-20.5,3.21888,-50.88409,-90.88589,-45.05495,91.6,3.94957,0.98739,3.2,0.9,4.51743,3.61991,4.02860,0.99228,31.81223,-1.53645,-0.38411,0.92086,-0.12243,3.45985,2.98096,-1.52471,-0.38338,10887.460,3.83779,0.95945,288.460,103.960,9.29537,2.72158,3.91239,0.96407,56.27087,4.10387,1.02597,2.23922,0.57437,4.03018,4.14427,4.18925,1.03125,12.362782,-3.01768,-0.75442,-0.023639,-0.093620,2.51469,-0.19085,-2.97260,-0.75158
2002-07-01,831.287,31.55385,7.88846,136.350,63.056,6.72298,19.62048,37.09974,8.20795,21.4,-62.19396,-15.54849,-19.0,-3.6,3.06339,-47.02970,-46.30980,-14.40000,92.0,1.74292,0.43573,2.8,0.4,4.52179,3.13901,1.75820,0.43668,32.34318,6.62095,1.65524,0.84006,0.53095,3.47640,2.66659,6.84505,1.66901,10984.040,3.53266,0.88316,386.020,96.580,9.30420,3.64238,3.59580,0.88708,56.70260,3.05723,0.76431,1.90497,0.43173,4.03782,3.47637,3.10444,0.76724,12.374393,0.37550,0.09387,0.044587,0.011611,2.51563,0.36162,0.37621,0.09392
2002-10-01,922.151,41.49355,10.37339,262.963,90.864,6.82671,39.89196,51.42731,10.93052,20.0,-27.06346,-6.76586,-30.9,-1.4,2.99573,-60.70727,-23.71048,-6.54206,92.3,1.30223,0.32556,2.3,0.3,4.52504,2.55556,1.31074,0.32609,32.97389,7.72514,1.93129,1.13890,0.63071,3.49572,3.57751,8.03137,1.95006,11061.433,2.80850,0.70212,400.968,77.393,9.31122,3.76126,2.84831,0.70460,57.91028,8.42994,2.10749,2.15812,1.20768,4.05889,3.87092,8.79546,2.12985,12.341276,-1.07194,-0.26798,-0.341306,-0.033117,2.51295,-2.69114,-1.06621,-0.26763
2003-01-01,939.402,7.41381,1.85345,233.570,17.251,6.84524,33.09144,7.69555,1.87073,22.0,38.12407,9.53102,-23.5,2.0,3.09104,-51.64835,46.41000,10.00000,93.3,4.31039,1.07760,2.6,1.0,4.53582,2.86659,4.40463,1.08342,33.20866,2.83786,0.70946,1.27400,0.23477,3.50281,3.98940,2.87851,0.71199,11174.129,4.05466,1.01366,390.629,112.696,9.32136,3.62247,4.13798,1.01882,57.81906,-0.63057,-0.15764,2.12256,-0.09122,4.05732,3.81094,-0.62859,-0.15752,12.358857,0.56942,0.14236,-0.097545,0.017581,2.51437,-0.78309,0.57105,0.14246
2003-04-01,939.080,-0.13713,-0.03428,170.849,-0.322,6.84490,22.23927,-0.13704,-0.03428,8.9,-361.99647,-90.49912,-16.1,-13.1,2.18605,-64.40000,-97.32164,-59.54545,93.8,2.13790,0.53447,2.2,0.5,4.54116,2.40175,2.16092,0.53591,33.73427,6.28142,1.57035,1.92204,0.52561,3.51851,6.04183,6.48290,1.58275,11312.766,4.93225,1.23306,425.306,138.637,9.33369,3.90638,5.05591,1.24070,58.96101,7.82316,1.95579,2.69014,1.14195,4.07688,4.78070,8.13731,1.97504,12.299930,-1.91176,-0.47794,-0.062852,-0.058927,2.50959,-0.50840,-1.89360,-0.47680
2003-07-01,1002.684,26.21400,6.55350,171.397,63.604,6.91044,20.61827,29.97085,6.77301,3.4,-384.91034,-96.22758,-18.0,-5.5,1.22378,-84.11215,-97.87012,-61.79775,94.7,3.81966,0.95491,2.7,0.9,4.55071,2.93478,3.89354,0.95949,33.92545,2.26049,0.56512,1.58227,0.19118,3.52417,4.89213,2.28624,0.56672,11566.669,8.87831,2.21958,582.629,253.903,9.35588,5.30432,9.28436,2.24439,58.64541,-2.14683,-0.53671,1.94281,-0.31560,4.07151,3.42632,-2.12395,-0.53527,12.144751,-5.07860,-1.26965,-0.229642,-0.155179,2.49690,-1.85578,-4.95180,-1.26163
2003-10-01,1081.171,30.14572,7.53643,159.020,78.487,6.98580,17.24446,35.18273,7.82769,0.0,,,-20.0,-3.4,,-100.00000,-100.00000,-100.00000,95.2,2.10638,0.52659,2.9,0.5,4.55598,3.14193,2.12872,0.52798,34.35248,5.00350,1.25087,1.37859,0.42703,3.53667,4.18085,5.13079,1.25873,11772.234,7.04644,1.76161,710.801,205.565,9.37350,6.42594,7.30064,1.77722,59.44466,5.41459,1.35365,1.53438,0.79925,4.08505,2.64958,5.56386,1.36285,12.215914,2.33699,0.58425,-0.125362,0.071163,2.50274,-1.01579,2.36451,0.58596
2004-01-01,1206.185,43.76711,10.94178,266.783,125.014,7.09522,28.39924,54.90953,11.56283,-17.9,,,-39.9,-17.9,,-181.36364,,,95.7,2.09534,0.52384,2.4,0.5,4.56122,2.57235,2.11745,0.52521,35.02902,7.80106,1.95026,1.82036,0.67654,3.55618,5.48158,8.11341,1.96941,11923.447,5.10524,1.27631,749.318,151.213,9.38626,6.70583,5.23780,1.28449,59.80710,2.43143,0.60786,1.98804,0.36244,4.09112,3.43838,2.46124,0.60971,12.219274,0.11001,0.02750,-0.139583,0.003360,2.50301,-1.12942,0.11007,0.02751
2004-04-01,1268.751,20.22819,5.05705,329.671,62.566,7.14579,35.10574,22.41930,5.18710,-22.8,,,-31.7,-4.9,,-356.17978,163.22508,27.37430,96.4,2.91516,0.72879,2.6,0.7,4.56851,2.77186,2.95807,0.73145,34.82868,-2.29427,-0.57357,1.09441,-0.20034,3.55044,3.24421,-2.26815,-0.57193,12112.815,6.30287,1.57572,800.049,189.368,9.40202,7.07209,6.50575,1.58820,60.05487,1.65370,0.41343,1.09386,0.24777,4.09526,1.85523,1.66745,0.41428,12.157168,-2.03823,-0.50956,-0.142762,-0.062106,2.49792,-1.16067,-2.01760,-0.50826
2004-07-01,1335.237,20.43034,5.10759,332.553,66.486,7.19686,33.16628,22.66703,5.24027,-20.0,,,-23.4,2.8,,-688.23529,-40.79197,-12.28070,97.2,3.30580,0.82645,2.5,0.8,4.57677,2.63992,3.36105,0.82988,34.97163,1.63839,0.40960,1.04618,0.14295,3.55454,3.08376,1.65189,0.41044,12305.307,6.30666,1.57666,738.638,192.492,9.41779,6.38592,6.50978,1.58916,59.96643,-0.58950,-0.14737,1.32102,-0.08844,4.09378,2.25255,-0.58776,-0.14727,12.272636,3.78125,0.94531,0.127885,0.115468,2.50737,1.05301,3.85364,0.94979
2004-10-01,1344.039,2.62818,0.65705,262.868,8.802,7.20343,24.31327,2.66302,0.65921,-21.1,,,-21.1,-1.1,,,23.88247,5.50000,97.7,2.05234,0.51308,2.5,0.5,4.58190,2.62605,2.07354,0.51440,35.17424,2.31073,0.57768,0.82176,0.20261,3.56031,2.39214,2.33764,0.57936,12527.214,7.14911,1.78728,754.980,221.907,9.43566,6.41323,7.41085,1.80334,60.63713,4.44900,1.11225,1.19247,0.67070,4.10491,2.00602,4.54945,1.11846,12.277015,0.14270,0.03567,0.061101,0.004379,2.50773,0.50018,0.14280,0.03568
2005-01-01,1642.162,80.13376,20.03344,435.977,298.123,7.40377,36.14512,122.85199,22.18113,-23.6,,,-5.7,-2.5,,31.84358,56.50139,11.84834,98.3,2.44899,0.61225,2.6,0.6,4.58802,2.71682,2.47922,0.61412,35.81338,7.20303,1.80076,0.78436,0.63914,3.57832,2.23917,7.46879,1.81707,12767.286,7.59309,1.89827,843.839,240.072,9.45464,7.07714,7.88880,1.91640,60.91302,1.81581,0.45395,1.10592,0.27589,4.10945,1.84915,1.83240,0.45499,14.799802,74.75399,18.68850,2.580528,2.522787,2.69461,21.11851,111.17985,20.54886
2005-04-01,1656.689,3.52295,0.88074,387.938,14.527,7.41258,30.57637,3.58574,0.88463,-24.1,,,-1.3,-0.5,,5.70175,8.74772,2.11864,98.8,2.02943,0.50736,2.4,0.5,4.59310,2.48963,2.05016,0.50865,35.03637,-8.77396,-2.19349,0.20769,-0.77701,3.55639,0.59632,-8.40006,-2.16961,12922.656,4.83837,1.20959,809.841,155.370,9.46674,6.68582,4.95733,1.21694,60.64153,-1.78679,-0.44670,0.58666,-0.27149,4.10498,0.97687,-1.77092,-0.44570,14.828576,0.77693,0.19423,2.671408,0.028774,2.69656,21.97393,0.77996,0.19442
2005-07-01,1709.452,12.54073,3.13518,374.215,52.763,7.44393,28.02611,13.36101,3.18485,-16.7,,,3.3,7.4,,-16.50000,-76.94327,-30.70539,99.4,2.42180,0.60545,2.2,0.6,4.59915,2.26337,2.45137,0.60729,35.01106,-0.28906,-0.07227,0.03943,-0.02531,3.55566,0.11275,-0.28864,-0.07224,13142.642,6.75200,1.68800,837.335,219.986,9.48362,6.80467,6.98517,1.70233,60.35856,-1.87088,-0.46772,0.39213,-0.28297,4.10030,0.65392,-1.85349,-0.46663,15.139959,8.31256,2.07814,2.867323,0.311383,2.71734,23.36355,8.66783,2.09988
2005-10-01,1816.575,24.31200,6.07800,472.536,107.123,7.50471,35.15791,27.52217,6.26651,-8.8,,,12.3,7.9,,-58.29384,-92.28981,-47.30539,100.1,2.80703,0.70176,2.4,0.7,4.60617,2.45650,2.84680,0.70423,35.38378,4.23580,1.05895,0.20954,0.37272,3.56625,0.59572,4.32679,1.06458,13324.204,5.48807,1.37202,796.990,181.562,9.49734,6.36207,5.64146,1.38147,61.32008,6.32183,1.58046,0.68295,0.96152,4.11611,1.12629,6.52594,1.59301,15.028550,-2.95433,-0.73858,2.751535,-0.111409,2.70995,22.41208,-2.91111,-0.73586
2006-01-01,1854.762,8.32141,2.08035,212.600,38.187,7.52551,12.94635,8.67745,2.10214,-10.7,,,12.9,-1.9,,-54.66102,118.57698,21.59091,100.8,2.78747,0.69687,2.5,0.7,4.61314,2.54323,2.82668,0.69930,35.83165,5.03122,1.25781,0.01827,0.44787,3.57883,0.05101,5.15994,1.26575,13599.160,8.17032,2.04258,831.874,274.956,9.51776,6.51567,8.51337,2.06358,61.55642,1.53872,0.38468,0.64340,0.23634,4.11995,1.05626,1.55062,0.38542,14.989443,-1.04223,-0.26056,0.189641,-0.039107,2.70735,1.28138,-1.03682,-0.26022
2006-04-01,1905.439,10.78242,2.69560,248.750,50.677,7.55247,15.01489,11.38519,2.73226,-12.3,,,11.8,-1.6,,-48.96266,74.61652,14.95327,101.6,3.16207,0.79052,2.8,0.8,4.62104,2.83401,3.21260,0.79365,34.88186,-10.74586,-2.68647,-0.15451,-0.94979,3.55197,-0.44100,-10.18863,-2.65070,13753.424,4.51191,1.12798,830.768,154.264,9.52904,6.42877,4.61525,1.13436,61.22142,-2.18281,-0.54570,0.57989,-0.33500,4.11450,0.95626,-2.15916,-0.54422,15.044255,1.46001,0.36500,0.215679,0.054812,2.71100,1.45448,1.47073,0.36567
2006-07-01,1946.625,8.55387,2.13847,237.173,41.186,7.57385,13.87421,8.93037,2.16150,-8.9,,,7.8,3.4,,-46.70659,-72.58807,-27.64228,102.5,3.52771,0.88193,3.1,0.9,4.62986,3.11871,3.59067,0.88583,34.91811,0.41547,0.10387,-0.09295,0.03625,3.55301,-0.26549,0.41634,0.10392,13870.188,3.38159,0.84540,727.546,116.764,9.53750,5.53577,3.43942,0.84898,61.33280,0.72706,0.18176,0.97424,0.11138,4.11631,1.61409,0.72971,0.18193,15.367228,8.49640,2.12410,0.227269,0.322973,2.73224,1.50112,8.86779,2.14682
2006-10-01,1867.629,-16.57096,-4.14274,51.054,-78.996,7.53242,2.81045,-15.27077,-4.05810,0.0,,,8.8,8.9,,-100.00000,-100.00000,-100.00000,103.3,3.10983,0.77746,3.2,0.8,4.63764,3.19680,3.15869,0.78049,34.90998,-0.09314,-0.02329,-0.47380,-0.00813,3.55277,-1.33903,-0.09310,-0.02328,14039.560,4.85491,1.21373,715.356,169.372,9.54963,5.36885,4.97469,1.22112,61.82689,3.20944,0.80236,0.50681,0.49409,4.12434,0.82650,3.26150,0.80559,15.509711,3.69166,0.92292,0.481161,0.142483,2.74147,3.20165,3.76065,0.92719
2007-01-01,1803.019,-14.08289,-3.52072,-51.743,-64.610,7.49722,-2.78974,-13.13621,-3.45947,0.0,,,10.7,0.0,,-100.00000,,,104.3,3.85359,0.96340,3.5,1.0,4.64727,3.47222,3.92881,0.96805,35.55432,7.31557,1.82889,-0.27733,0.64434,3.57106,-0.77398,7.58980,1.84572,14215.651,4.98579,1.24645,616.491,176.091,9.56210,4.53330,5.11217,1.25425,62.25297,2.74714,0.68679,0.69655,0.42608,4.13121,1.13156,2.78523,0.68915,15.526607,0.43552,0.10888,0.537164,0.016896,2.74256,3.58362,0.43647,0.10894
2007-04-01,1875.794,15.82782,3.95696,-29.645,72.775,7.53679,-1.55581,17.14921,4.03629,-3.8,,,8.5,-3.8,,-69.10569,,,105.1,3.05637,0.76409,3.5,0.8,4.65491,3.44488,3.10355,0.76702,34.32166,-14.11401,-3.52850,-0.56020,-1.23266,3.53578,-1.60599,-13.16324,-3.46698,14402.082,5.21170,1.30292,648.658,186.431,9.57513,4.71634,5.34989,1.31145,61.57219,-4.39837,-1.09959,0.35077,-0.68078,4.12021,0.57295,-4.30305,-1.09357,15.632510,2.71903,0.67976,0.588255,0.105903,2.74935,3.91016,2.75634,0.68207
2007-07-01,1786.175,-19.58223,-4.89556,-160.450,-89.619,7.48783,-8.24247,-17.78417,-4.77766,7.5,,,16.4,11.3,2.01490,-184.26966,1417.43699,-297.36842,105.9,3.03319,0.75830,3.4,0.8,4.66250,3.31707,3.07966,0.76118,34.66906,4.02840,1.00710,-0.24905,0.34740,3.54585,-0.71324,4.11064,1.01219,14564.117,4.47519,1.11880,693.929,162.035,9.58632,5.00303,4.57684,1.12508,61.84826,1.78946,0.44737,0.51546,0.27607,4.12468,0.84043,1.80557,0.44837,15.712123,2.03194,0.50799,0.344895,0.079613,2.75443,2.24435,2.05273,0.50928
2007-10-01,1791.645,1.22309,0.30577,-75.984,5.470,7.49089,-4.06847,1.23060,0.30624,19.2,376.00290,94.00073,19.2,11.7,2.95491,,4194.96730,156.00000,106.7,3.01036,0.75259,3.4,0.8,4.67002,3.29138,3.05613,0.75543,34.90498,2.71275,0.67819,-0.00500,0.23592,3.55263,-0.01432,2.74988,0.68049,14715.058,4.12422,1.03106,675.498,150.941,9.59663,4.81139,4.21045,1.03639,62.71924,5.59372,1.39843,0.89235,0.87098,4.13867,1.44330,5.75312,1.40825,15.846367,3.40307,0.85077,0.336656,0.134244,2.76294,2.17061,3.46164,0.85440
2008-01-01,1623.619,-39.39063,-9.84766,-179.400,-168.026,7.39241,-9.94998,-32.55828,-9.37831,32.1,205.57830,51.39458,32.1,12.9,3.46886,,681.29531,67.18750,107.6,3.35980,0.83995,3.3,0.9,4.67842,3.16395,3.41687,0.84349,36.26991,15.34358,3.83590,0.71559,1.36493,3.59099,2.01267,16.58330,3.91042,14706.538,-0.23167,-0.05792,490.887,-8.520,9.59605,3.45314,-0.23140,-0.05790,64.17278,9.16435,2.29109,1.91981,1.45354,4.16158,3.08388,9.59740,2.31753,15.775857,-1.78381,-0.44595,0.249250,-0.070510,2.75848,1.60531,-1.76800,-0.44496
2008-04-01,1633.242,2.36376,0.59094,-242.552,9.623,7.39832,-12.93063,2.39191,0.59269,55.4,218.28943,54.57236,59.2,23.3,4.01458,-1557.89474,787.19468,72.58567,108.4,2.96298,0.74074,3.3,0.8,4.68583,3.13987,3.00731,0.74349,35.55180,-7.99907,-1.99977,1.23014,-0.71811,3.57099,3.58415,-7.68751,-1.97991,14865.701,4.30578,1.07645,463.619,159.163,9.60681,3.21911,4.39983,1.08226,63.85172,-2.00625,-0.50156,2.27953,-0.32106,4.15656,3.70221,-1.98625,-0.50031,15.326612,-11.55603,-2.88901,-0.305898,-0.449245,2.72959,-1.95681,-10.91331,-2.84767
2008-07-01,1555.041,-19.62603,-4.90651,-231.134,-78.201,7.34926,-12.94017,-17.82017,-4.78808,57.7,16.27103,4.06776,50.2,2.3,4.05526,669.33333,17.66958,4.15162,109.0,2.20792,0.55198,3.1,0.6,4.69135,2.92729,2.23247,0.55351,39.02437,37.27821,9.31955,4.35531,3.47257,3.66419,12.56253,45.17680,9.76763,14898.999,0.89497,0.22374,334.882,33.298,9.60905,2.29936,0.89898,0.22399,67.28455,20.94685,5.23671,5.43629,3.43283,4.20893,8.78972,23.30225,5.37625,15.546547,5.69916,1.42479,-0.165576,0.219935,2.74384,-1.05381,5.86469,1.43499
2008-10-01,943.079,-200.04285,-50.01071,-848.566,-611.962,6.84915,-47.36240,-86.47227,-39.35343,83.6,148.31454,37.07863,64.4,25.9,4.42604,335.41667,340.67849,44.88735,109.5,1.83067,0.45767,2.8,0.5,4.69592,2.62418,1.84753,0.45872,43.62377,44.56635,11.14159,8.71879,4.59940,3.77560,24.97864,56.15258,11.78597,14608.209,-7.88416,-1.97104,-106.849,-290.790,9.58934,-0.72612,-7.58137,-1.95174,73.24515,33.95256,8.48814,10.52591,5.96060,4.29381,16.78259,40.42812,8.85879,15.721360,4.47270,1.11817,-0.125007,0.174813,2.75502,-0.78887,4.57423,1.12445
2009-01-01,1297.893,127.73896,31.93474,-325.726,354.814,7.16850,-20.06173,258.72634,37.62294,64.2,-105.61612,-26.40403,32.1,-19.4,4.16200,100.00000,-65.22117,-23.20574,109.8,1.09439,0.27360,2.2,0.3,4.69866,2.04461,1.10040,0.27397,47.37291,32.97934,8.24484,11.10300,3.74914,3.85805,30.61215,39.06808,8.59426,14430.902,-4.88470,-1.22118,-275.636,-177.307,9.57713,-1.87424,-4.76732,-1.21375,77.10496,20.54223,5.13556,12.93218,3.85981,4.34517,20.15213,22.80436,5.26971,15.597500,-3.16386,-0.79097,-0.178357,-0.123860,2.74711,-1.13057,-3.11433,-0.78785
2009-04-01,1394.694,28.77314,7.19329,-238.548,96.801,7.24043,-14.60580,33.33991,7.45832,39.6,-193.26964,-48.31741,-15.8,-24.6,3.67883,-28.51986,-85.52426,-38.31776,110.1,1.09141,0.27285,1.7,0.3,4.70139,1.56827,1.09738,0.27322,49.90158,20.80085,5.20021,14.34978,2.52867,3.91005,40.36302,23.12236,5.33780,14381.236,-1.37903,-0.34476,-484.465,-49.666,9.57368,-3.25894,-1.36957,-0.34416,80.28013,16.14181,4.03545,16.42841,3.17517,4.38552,25.72900,17.51762,4.11798,15.251967,-8.96087,-2.24022,-0.074645,-0.345533,2.72471,-0.48703,-8.57111,-2.21531
2009-07-01,1588.807,52.12335,13.03084,33.766,194.113,7.37074,2.17139,68.41038,13.91796,31.5,-91.53663,-22.88416,-26.2,-8.1,3.44999,-45.40728,-59.96301,-20.45455,110.5,1.45059,0.36265,1.5,0.4,4.70502,1.37615,1.46116,0.36331,52.28458,18.65953,4.66488,13.26021,2.38300,3.95670,33.97931,20.51395,4.77540,14448.882,1.87710,0.46927,-450.117,67.646,9.57837,-3.02112,1.89482,0.47038,82.42733,10.55797,2.63949,15.14278,2.14720,4.41192,22.50558,11.13546,2.67463,15.085880,-4.37971,-1.09493,-0.460667,-0.166087,2.71376,-2.96315,-4.28518,-1.08895
2009-10-01,1741.262,36.65069,9.16267,798.183,152.455,7.46237,84.63586,44.26863,9.59556,14.0,-324.37209,-81.09302,-69.6,-17.5,2.63906,-83.25359,-96.09816,-55.55556,111.0,1.80587,0.45147,1.5,0.5,4.70953,1.36986,1.82228,0.45249,53.33579,7.96244,1.99061,9.71202,1.05121,3.97661,22.26314,8.28803,2.01055,14651.249,5.56342,1.39085,43.040,202.367,9.59228,0.29463,5.72109,1.40057,84.02935,7.69963,1.92491,10.78420,1.60202,4.43117,14.72343,8.00381,1.94355,14.896385,-5.05626,-1.26406,-0.824975,-0.189495,2.70112,-5.24748,-4.93056,-1.25611
2010-01-01,1827.302,19.29217,4.82304,529.409,86.040,7.51060,40.78988,21.27878,4.94124,-5.5,,,-69.7,-19.5,,-108.56698,-97.61802,-139.28571,111.4,1.43885,0.35971,1.6,0.4,4.71313,1.45719,1.44925,0.36036,56.17657,20.75687,5.18922,8.80366,2.84078,4.02850,18.58374,23.06823,5.32622,14764.610,3.08301,0.77075,333.708,113.361,9.59999,2.31245,3.13102,0.77373,86.51175,11.64564,2.91141,9.40679,2.48240,4.46028,12.19998,12.35085,2.95421,14.514940,-10.37604,-2.59401,-1.082560,-0.381445,2.67518,-6.94060,-9.85588,-2.56065
2010-04-01,1823.027,-0.93690,-0.23423,428.333,-4.275,7.50825,30.71161,-0.93253,-0.23395,-7.1,,,-46.7,-1.6,,-117.92929,177.70432,29.09091,111.9,1.79132,0.44783,1.8,0.5,4.71761,1.63488,1.80746,0.44883,57.67095,10.50153,2.62538,7.76937,1.49438,4.05475,15.56939,11.07276,2.66015,14980.193,5.79830,1.44958,598.957,215.583,9.61448,4.16485,5.96970,1.46013,88.12832,7.40548,1.85137,7.84819,1.61657,4.47879,9.77601,7.68658,1.86861,14.069775,-12.45983,-3.11496,-1.182192,-0.445165,2.64403,-7.75108,-11.71486,-3.06694
2010-07-01,1925.708,21.91815,5.47954,336.901,102.681,7.56305,21.20465,24.50573,5.63245,-8.8,,,-40.3,-1.7,,-127.93651,135.99201,23.94366,112.3,1.42730,0.35682,1.8,0.4,4.72117,1.62896,1.43753,0.35746,59.62122,13.30319,3.32580,7.33664,1.95027,4.08801,14.03213,14.22864,3.38172,15141.607,4.28701,1.07175,692.725,161.414,9.62520,4.79432,4.38023,1.07752,89.56528,6.46952,1.61738,7.13795,1.43696,4.49497,8.65969,6.68338,1.63053,13.917807,-4.34391,-1.08598,-1.168073,-0.151968,2.63317,-7.74282,-4.25092,-1.08010
2010-10-01,1938.802,2.71063,0.67766,197.540,13.094,7.56983,11.34465,2.74770,0.67996,-10.5,,,-24.5,-1.7,,-175.00000,102.68729,19.31818,112.9,2.13144,0.53286,1.9,0.6,4.72650,1.71171,2.15432,0.53428,61.36991,11.56324,2.89081,8.03412,1.74869,4.11692,15.06328,12.25831,2.93300,15309.474,4.41019,1.10255,658.225,167.867,9.63623,4.49262,4.50888,1.10865,91.61134,9.03493,2.25873,7.58199,2.04606,4.51756,9.02303,9.45565,2.28443,13.580863,-9.80297,-2.45074,-1.315522,-0.336944,2.60866,-8.83115,-9.33780,-2.42096
2011-01-01,1798.958,-29.94506,-7.48626,-28.344,-139.844,7.49496,-1.55114,-25.87747,-7.21291,-10.5,,,-5.0,0.0,,90.90909,0.00000,0.00000,113.2,1.06148,0.26537,1.8,0.3,4.72916,1.61580,1.06713,0.26572,62.90334,9.87185,2.46796,6.72677,1.53343,4.14160,11.97433,10.37555,2.49867,15351.448,1.09518,0.27379,586.838,41.974,9.63897,3.97463,1.10120,0.27417,92.95614,5.82908,1.45727,6.44439,1.34480,4.53213,7.44915,6.00232,1.46794,13.308460,-8.10470,-2.02617,-1.206480,-0.272403,2.58840,-8.31199,-7.78496,-2.00579
2011-04-01,1865.262,14.47757,3.61939,42.235,66.304,7.53116,2.31675,15.57803,3.68569,-16.4,,,-9.3,-5.9,,130.98592,495.13871,56.19048,113.7,1.76289,0.44072,1.8,0.5,4.73356,1.60858,1.77852,0.44170,62.65052,-1.61091,-0.40273,4.97957,-0.25282,4.13757,8.63445,-1.59801,-0.40192,15557.539,5.33422,1.33355,577.346,206.091,9.65230,3.85406,5.47905,1.34249,92.19380,-3.29395,-0.82349,4.06548,-0.76234,4.52389,4.61314,-3.24029,-0.82011,13.057706,-7.60859,-1.90215,-1.012069,-0.250754,2.56938,-7.19321,-7.32634,-1.88417
2011-07-01,1848.535,-3.60324,-0.90081,-77.173,-16.727,7.52215,-4.00751,-3.53909,-0.89676,-21.8,,,-13.0,-5.4,,147.72727,212.21271,32.92683,114.2,1.75516,0.43879,1.9,0.5,4.73795,1.69190,1.77065,0.43975,64.75106,13.19124,3.29781,5.12984,2.10054,4.17055,8.60405,14.10083,3.35279,15647.680,2.31093,0.57773,506.073,90.141,9.65808,3.34227,2.33784,0.57940,94.52098,9.97157,2.49289,4.95570,2.32718,4.54882,5.53306,10.48568,2.52423,12.944597,-3.47999,-0.87000,-0.973210,-0.113109,2.56068,-6.99255,-3.42014,-0.86622
2011-10-01,1968.023,25.05442,6.26361,29.221,119.488,7.58478,1.50717,28.47244,6.46393,-5.9,,,4.6,15.9,,-43.80952,-99.46348,-72.93578,114.7,1.74749,0.43687,1.8,0.5,4.74232,1.59433,1.76285,0.43783,65.97861,7.51221,1.87805,4.60870,1.22755,4.18933,7.50971,7.80158,1.89580,15842.259,4.94333,1.23583,532.785,194.579,9.67044,3.48010,5.06755,1.24350,96.09072,6.58837,1.64709,4.47938,1.56974,4.56529,4.88955,6.81025,1.66073,12.749684,-6.06880,-1.51720,-0.831179,-0.194913,2.54551,-6.12022,-5.88832,-1.50575
2012-01-01,2256.375,54.69202,13.67301,457.417,288.352,7.72151,25.42677,72.79232,14.65186,5.4,,,15.9,11.3,1.68640,-151.42857,-29.82749,-191.52542,115.3,2.08696,0.52174,2.1,0.6,4.74754,1.85512,2.10889,0.52310,67.68639,10.22181,2.55545,4.78305,1.70778,4.21489,7.60381,10.76250,2.58838,16068.805,5.67953,1.41988,717.357,226.546,9.68464,4.67289,5.84391,1.43001,97.12308,4.27452,1.06863,4.16694,1.03236,4.57598,4.48269,4.36719,1.07436,12.237057,-16.41507,-4.10377,-1.071403,-0.512627,2.50447,-8.05054,-15.13859,-4.02070
2012-04-01,2194.357,-11.14819,-2.78705,329.095,-62.018,7.69364,17.64337,-10.54924,-2.74857,-6.9,,,9.5,-12.3,,-57.92683,166.57617,-227.77778,115.8,1.73086,0.43271,2.1,0.5,4.75186,1.84697,1.74592,0.43365,68.16893,2.84151,0.71038,5.51841,0.48254,4.22199,8.80824,2.88226,0.71291,16207.115,3.42821,0.85705,649.576,138.310,9.69321,4.17531,3.48765,0.86074,97.82763,2.89120,0.72280,5.63383,0.70455,4.58321,6.11086,2.93341,0.72542,12.034062,-6.69107,-1.67277,-1.023644,-0.202995,2.48774,-7.83939,-6.47213,-1.65885
2012-07-01,2220.271,4.69608,1.17402,371.736,25.914,7.70538,20.10976,4.80809,1.18094,-9.5,,,12.3,-2.6,,-56.42202,259.33379,37.68116,116.3,1.72340,0.43085,2.1,0.5,4.75617,1.83888,1.73833,0.43178,69.08525,5.34094,1.33524,4.33419,0.91632,4.23534,6.69362,5.48615,1.34419,16319.541,2.76515,0.69129,671.861,112.426,9.70012,4.29368,2.80374,0.69368,98.44787,2.52805,0.63201,3.92689,0.62024,4.58953,4.15452,2.56027,0.63401,12.083103,1.62676,0.40669,-0.861494,0.049041,2.49181,-6.65524,1.64006,0.40752
2012-10-01,2190.469,-5.40543,-1.35136,222.446,-29.802,7.69187,11.30302,-5.26194,-1.34227,-7.6,,,-1.7,1.9,,28.81356,-59.04000,-20.00000,116.7,1.37339,0.34335,2.0,0.4,4.75961,1.74368,1.38287,0.34394,70.56190,8.45964,2.11491,4.58329,1.47665,4.25649,6.94663,8.82777,2.13743,16420.419,2.46496,0.61624,578.160,100.878,9.70628,3.64948,2.49559,0.61814,100.07497,6.55697,1.63924,3.98425,1.62710,4.60592,4.14634,6.77672,1.65275,11.754027,-11.04485,-2.76121,-0.995657,-0.329076,2.46420,-7.80927,-10.45676,-2.72344
2013-01-01,2191.813,0.24535,0.06134,-64.562,1.344,7.69248,-2.86132,0.24565,0.06136,-7.4,,,-12.8,0.2,,-237.03704,-10.11805,-2.63158,117.4,2.39215,0.59804,2.1,0.7,4.76559,1.82134,2.42099,0.59983,71.61412,5.92077,1.48019,3.92773,1.05222,4.27129,5.80284,6.09956,1.49120,16648.189,5.51033,1.37758,579.384,227.770,9.72006,3.60564,5.66497,1.38711,100.73997,2.64921,0.66230,3.61689,0.66500,4.61254,3.72403,2.68462,0.66450,12.006592,8.50397,2.12599,-0.230465,0.252565,2.48546,-1.88334,8.87603,2.14875
2013-04-01,2181.010,-1.97639,-0.49410,-13.347,-10.803,7.68754,-0.60824,-1.95699,-0.49288,-19.1,,,-12.2,-11.7,,176.81159,4338.19715,158.10811,118.0,2.03909,0.50977,2.2,0.6,4.77068,1.89983,2.06002,0.51107,71.17458,-2.46261,-0.61565,3.00565,-0.43954,4.26514,4.40912,-2.43254,-0.61376,16728.687,1.92944,0.48236,521.572,80.498,9.72488,3.21817,1.94817,0.48352,100.05758,-2.71873,-0.67968,2.22995,-0.68239,4.60575,2.27947,-2.68210,-0.67738,11.794383,-7.13297,-1.78324,-0.239679,-0.212209,2.46762,-1.99167,-6.88452,-1.76744
2013-07-01,2226.937,8.33561,2.08390,6.666,45.927,7.70838,0.30023,8.69288,2.10577,-18.1,,,-8.6,1.0,,90.52632,-19.35437,-5.23560,118.4,1.35364,0.33841,2.1,0.4,4.77407,1.80567,1.36284,0.33898,70.66823,-2.85585,-0.71396,1.58298,-0.50635,4.25800,2.29134,-2.81546,-0.71142,16953.838,5.34768,1.33692,634.297,225.151,9.73825,3.88673,5.49326,1.34590,98.72797,-5.35101,-1.33775,0.28010,-1.32961,4.59237,0.28452,-5.21037,-1.32884,11.837670,1.46537,0.36634,-0.245433,0.043287,2.47129,-2.03121,1.47616,0.36701
2013-10-01,2280.899,9.57703,2.39426,90.430,53.962,7.73232,4.12834,10.05062,2.42315,-8.3,,,-0.7,9.8,,9.21053,-95.57821,-54.14365,119.1,2.35790,0.58948,2.4,0.7,4.77996,2.05656,2.38592,0.59122,71.86587,6.72214,1.68054,1.30397,1.19764,4.27480,1.84798,6.95323,1.69474,17192.019,5.58041,1.39510,771.600,238.181,9.75220,4.69903,5.73905,1.40488,99.79118,4.28460,1.07115,-0.28379,1.06321,4.60308,-0.28358,4.37772,1.07691,11.985207,4.95453,1.23863,0.231180,0.147537,2.48367,1.96682,5.07932,1.24633
2014-01-01,2251.736,-5.14728,-1.28682,59.923,-29.163,7.71946,2.73395,-5.01705,-1.27857,-13.7,,,-6.3,-5.4,,85.13514,642.28366,65.06024,119.4,1.00629,0.25157,2.0,0.3,4.78248,1.70358,1.01137,0.25189,73.51665,9.08418,2.27104,1.90253,1.65078,4.29751,2.65664,9.50957,2.29703,17197.738,0.13304,0.03326,549.549,5.719,9.75253,3.30095,0.13313,0.03327,102.34617,10.11244,2.52811,1.60620,2.55499,4.62836,1.59440,10.64142,2.56034,11.883677,-3.40294,-0.85074,-0.122915,-0.101530,2.47517,-1.02373,-3.34570,-0.84713
2014-04-01,2377.615,21.75856,5.43964,196.605,125.879,7.77385,9.01440,24.30719,5.59031,-11.1,,,8.0,2.6,,-41.88482,-56.90671,-18.97810,120.2,2.67113,0.66778,2.2,0.8,4.78916,1.86441,2.70712,0.67002,71.76422,-9.65036,-2.41259,0.58964,-1.75243,4.27339,0.82844,-9.19933,-2.38372,17518.508,7.39202,1.84801,789.821,320.770,9.77101,4.72136,7.67209,1.86519,100.65130,-6.67953,-1.66988,0.59372,-1.69487,4.61166,0.59338,-6.46133,-1.65602,11.621055,-8.93890,-2.23472,-0.173328,-0.262622,2.45282,-1.46958,-8.55102,-2.20994
2014-07-01,2408.545,5.16998,1.29249,181.608,30.930,7.78678,8.15506,5.30596,1.30088,-10.7,,,7.4,0.4,,-40.88398,-13.65381,-3.60360,121.1,2.98385,0.74596,2.7,0.9,4.79662,2.28041,3.02881,0.74875,71.80771,0.24233,0.06058,1.13948,0.04349,4.27399,1.61244,0.24263,0.06060,17804.228,6.47121,1.61780,850.390,285.720,9.78719,5.01591,6.68519,1.63096,100.11145,-2.15120,-0.53780,1.38348,-0.53985,4.60628,1.40131,-2.12823,-0.53636,11.646861,0.88727,0.22182,-0.190809,0.025806,2.45504,-1.61188,0.89121,0.22206
2014-10-01,2379.115,-4.91770,-1.22943,98.216,-29.430,7.77448,4.30602,-4.79874,-1.22190,-10.5,,,-2.2,0.2,,26.50602,-7.26961,-1.86916,121.8,2.30548,0.57637,2.7,0.7,4.80238,2.26700,2.33226,0.57803,72.70969,4.99312,1.24828,0.84382,0.90198,4.28647,1.17416,5.11988,1.25610,17912.079,2.41573,0.60393,720.060,107.851,9.79323,4.18834,2.44515,0.60576,101.28050,4.64393,1.16098,1.48932,1.16905,4.61789,1.49244,4.75345,1.16775,11.631907,-0.51391,-0.12848,-0.353300,-0.014954,2.45375,-2.94780,-0.51259,-0.12840
2015-01-01,2290.774,-15.13553,-3.78388,39.038,-88.341,7.73665,1.73368,-14.04577,-3.71319,-5.5,,,8.2,5.0,,-59.85401,-92.47176,-47.61905,122.6,2.61867,0.65467,3.2,0.8,4.80893,2.68007,2.65326,0.65681,72.46747,-1.33476,-0.33369,-1.04918,-0.24222,4.28314,-1.42713,-1.32589,-0.33313,18063.529,3.36786,0.84196,865.791,151.450,9.80165,5.03433,3.42521,0.84552,100.49009,-3.13391,-0.78348,-1.85608,-0.79041,4.61006,-1.81353,-3.08531,-0.78042,11.556536,-2.60030,-0.65008,-0.327141,-0.075371,2.44725,-2.75286,-2.56679,-0.64797
2015-04-01,2318.349,4.78622,1.19655,-59.266,27.575,7.74861,-2.49267,4.90261,1.20374,-5.3,,,5.8,0.2,,-52.25225,-13.77112,-3.63636,122.8,0.65200,0.16300,2.6,0.2,4.81056,2.16306,0.65413,0.16313,71.52730,-5.22343,-1.30586,-0.23692,-0.94017,4.27008,-0.33014,-5.08935,-1.29737,18279.784,4.76033,1.19008,761.276,216.255,9.81355,4.34555,4.87545,1.19719,99.30094,-4.76163,-1.19041,-1.35036,-1.18915,4.59816,-1.34162,-4.65004,-1.18335,11.485036,-2.48248,-0.62062,-0.136019,-0.071500,2.44104,-1.17045,-2.45192,-0.61870
2015-07-01,2234.367,-14.75893,-3.68973,-174.178,-83.982,7.71171,-7.23167,-13.72146,-3.62249,-7.0,,,3.7,-1.7,,-34.57944,204.29070,32.07547,123.6,2.59741,0.64935,2.5,0.8,4.81705,2.06441,2.63144,0.65147,71.31846,-1.16960,-0.29240,-0.48925,-0.20884,4.26716,-0.68133,-1.16278,-0.29197,18401.626,2.65731,0.66433,597.398,121.842,9.82019,3.35537,2.69293,0.66654,98.63595,-2.68770,-0.67192,-1.47550,-0.66499,4.59144,-1.47386,-2.65190,-0.66967,11.606380,4.20399,1.05100,-0.040481,0.121344,2.45155,-0.34757,4.29361,1.05654
2015-10-01,2106.688,-23.53637,-5.88409,-272.427,-127.679,7.65287,-11.45077,-20.97166,-5.71433,7.4,,,17.9,14.4,2.00148,-170.47619,24.89203,-205.71429,124.3,2.25898,0.56475,2.5,0.7,4.82270,2.05255,2.28469,0.56634,74.31389,16.45707,4.11427,1.60420,2.99543,4.30830,2.20631,17.88869,4.20008,18435.137,0.72777,0.18194,523.058,33.511,9.82201,2.92014,0.73043,0.18211,102.64192,15.92425,3.98106,1.36142,4.00597,4.63125,1.34421,17.26223,4.06137,11.738873,4.54035,1.13509,0.106966,0.132493,2.46291,0.91959,4.64500,1.14155
2016-01-01,2180.464,13.76826,3.44207,-110.310,73.776,7.68729,-4.81540,14.76113,3.50199,8.2,41.06166,10.26542,13.7,0.8,2.10413,-249.09091,50.77472,10.81081,125.1,2.56617,0.64154,2.5,0.8,4.82911,2.03915,2.59938,0.64360,75.19061,4.69139,1.17285,2.72314,0.87672,4.32003,3.75774,4.80318,1.17975,18525.933,1.96523,0.49131,462.404,90.796,9.82693,2.55988,1.98467,0.49252,103.98904,5.21563,1.30391,3.49895,1.34712,4.64429,3.48189,5.35404,1.31245,11.763178,0.82733,0.20683,0.206642,0.024305,2.46497,1.78810,0.83076,0.20705
2016-04-01,2243.841,11.46057,2.86514,-74.508,63.377,7.71594,-3.21384,12.14312,2.90658,11.6,138.74838,34.68709,16.9,3.4,2.45101,-318.86792,300.47605,41.46341,126.0,2.86740,0.71685,3.2,0.9,4.83628,2.60586,2.90890,0.71942,74.48445,-3.77439,-0.94360,2.95715,-0.70616,4.31059,4.13430,-3.70405,-0.93916,18711.702,3.99103,0.99776,431.918,185.769,9.83690,2.36282,4.07174,1.00275,103.58005,-1.57631,-0.39408,4.27911,-0.40899,4.64034,4.30923,-1.56395,-0.39330,11.766073,0.09843,0.02461,0.281037,0.002895,2.46522,2.44698,0.09848,0.02461
2016-07-01,2244.050,0.03726,0.00931,9.683,0.209,7.71604,0.43337,0.03726,0.00931,8.5,-124.37557,-31.09389,15.5,-3.1,2.14007,-221.42857,-71.17006,-26.72414,126.6,1.90024,0.47506,3.0,0.6,4.84103,2.42718,1.91841,0.47619,75.04378,2.99252,0.74813,3.72532,0.55933,4.31807,5.22350,3.03774,0.75094,18892.639,3.84931,0.96233,491.013,180.937,9.84653,2.66831,3.92435,0.96697,103.60355,0.09074,0.02269,4.96760,0.02350,4.64057,5.03630,0.09078,0.02269,11.769815,0.12719,0.03180,0.163435,0.003742,2.46554,1.40815,0.12727,0.03180
2016-10-01,2291.483,8.36677,2.09169,184.795,47.433,7.73695,8.77183,8.72676,2.11372,1.5,-693.84042,-173.46011,-5.9,-7.0,0.40547,-79.72973,-99.90302,-82.35294,127.3,2.20560,0.55140,3.0,0.7,4.84655,2.41352,2.23010,0.55292,75.64063,3.16876,0.79219,1.32674,0.59685,4.32599,1.78532,3.21950,0.79534,19089.379,4.14389,1.03597,654.242,196.740,9.85689,3.54889,4.23095,1.04136,104.64891,4.01578,1.00394,2.00699,1.04536,4.65061,1.95533,4.09750,1.00900,11.865778,3.24810,0.81203,0.126905,0.095963,2.47366,1.08107,3.30143,0.81533
2017-01-01,2324.533,5.72798,1.43200,144.069,33.050,7.75127,6.60726,5.89521,1.44230,1.4,-27.59715,-6.89929,-6.8,-0.1,0.33647,-82.92683,-24.11654,-6.66667,128.2,2.81802,0.70450,3.1,0.9,4.85359,2.47802,2.85810,0.70699,74.55599,-5.77727,-1.44432,-0.63462,-1.08464,4.31155,-0.84401,-5.61356,-1.43394,19280.084,3.97622,0.99405,754.151,190.705,9.86683,4.07079,4.05633,0.99901,102.93741,-6.59596,-1.64899,-1.05163,-1.71150,4.63412,-1.01129,-6.38313,-1.63547,11.723722,-4.81766,-1.20441,-0.039456,-0.142056,2.46161,-0.33542,-4.70345,-1.19719
2017-04-01,2310.962,-2.34211,-0.58553,67.121,-13.571,7.74542,2.99134,-2.31489,-0.58382,-2.8,,,-14.4,-4.2,,-124.13793,1500.00000,-300.00000,129.0,2.48834,0.62209,3.0,0.8,4.85981,2.38095,2.51956,0.62402,73.92953,-3.37522,-0.84380,-0.55492,-0.62646,4.30311,-0.74501,-3.31889,-0.84025,19438.643,3.27614,0.81903,726.941,158.559,9.87502,3.88495,3.33039,0.82240,102.08817,-3.31371,-0.82843,-1.49188,-0.84924,4.62584,-1.44032,-3.25941,-0.82501,11.756945,1.13193,0.28298,-0.009128,0.033223,2.46444,-0.07758,1.13836,0.28338
2017-07-01,2371.175,10.28869,2.57217,127.125,60.213,7.77114,5.66498,10.83660,2.60554,-3.9,,,-12.4,-1.1,,-145.88235,276.37980,39.28571,129.9,2.78101,0.69525,3.3,0.9,4.86676,2.60664,2.82004,0.69767,74.55506,3.37023,0.84256,-0.48872,0.62553,4.31154,-0.65125,3.42766,0.84612,19692.595,5.19187,1.29797,799.956,253.952,9.88800,4.23422,5.32901,1.30643,102.80463,2.79742,0.69935,-0.79892,0.71646,4.63283,-0.77113,2.83691,0.70181,11.818401,2.08544,0.52136,0.048586,0.061456,2.46966,0.41280,2.10733,0.52272
2017-10-01,2173.803,-34.76298,-8.69074,-117.680,-197.372,7.68423,-5.13554,-29.36397,-8.32381,-8.5,,,-10.0,-4.6,,-666.66667,2156.40615,117.94872,130.8,2.76181,0.69045,3.5,0.9,4.87367,2.74941,2.80030,0.69284,73.97834,-3.10623,-0.77656,-1.66229,-0.57672,4.30377,-2.19762,-3.05848,-0.77355,20037.088,6.93691,1.73423,947.709,344.493,9.90534,4.96459,7.18318,1.74935,102.27408,-2.06965,-0.51741,-2.37483,-0.53055,4.62766,-2.26933,-2.04838,-0.51608,11.816667,-0.05869,-0.01467,-0.049111,-0.001734,2.46951,-0.41389,-0.05868,-0.01467
2018-01-01,2269.424,17.21915,4.30479,-55.109,95.621,7.72728,-2.37076,18.79054,4.39879,-10.0,,,-11.4,-1.5,,-814.28571,91.56859,17.64706,132.0,3.65299,0.91325,3.8,1.2,4.88280,2.96412,3.72054,0.91743,75.93645,10.44978,2.61245,1.38046,1.95811,4.32990,1.85157,11.01530,2.64687,20328.553,5.77660,1.44415,1048.469,291.465,9.91978,5.43809,5.94670,1.45463,103.74395,5.70783,1.42696,0.80654,1.46987,4.64193,0.78352,5.87387,1.43719,11.644530,-5.86978,-1.46745,-0.079192,-0.172137,2.45484,-0.67549,-5.70083,-1.45673
2018-04-01,2365.255,16.54391,4.13598,54.293,95.831,7.76864,2.34937,17.99111,4.22270,-11.3,,,-8.5,-1.3,,303.57143,63.04736,13.00000,132.8,2.41693,0.60423,3.8,0.8,4.88884,2.94574,2.44637,0.60606,75.23257,-3.72502,-0.93126,1.30304,-0.70388,4.32058,1.76254,-3.65650,-0.92693,20580.912,4.93504,1.23376,1142.269,252.359,9.93212,5.87628,5.05884,1.24140,102.98411,-2.94046,-0.73511,0.89594,-0.75984,4.63457,0.87761,-2.89765,-0.73242,11.598338,-1.58989,-0.39747,-0.158607,-0.046192,2.45086,-1.34905,-1.57732,-0.39668
2018-07-01,2313.748,-8.80685,-2.20171,-57.427,-51.507,7.74662,-2.42188,-8.43018,-2.17765,-15.9,,,-12.0,-4.6,,307.69231,291.98976,40.70796,133.9,3.29961,0.82490,4.0,1.1,4.89709,3.07929,3.35465,0.82831,75.86428,3.34468,0.83617,1.30922,0.63171,4.32895,1.75604,3.40125,0.83968,20798.730,4.21115,1.05279,1106.135,217.818,9.94265,5.61701,4.30108,1.05835,103.44890,1.80123,0.45031,0.64427,0.46479,4.63908,0.62669,1.81755,0.45132,11.619535,0.73037,0.18259,-0.198866,0.021197,2.45269,-1.68268,0.73304,0.18276
2018-10-01,2321.840,1.39650,0.34913,148.037,8.092,7.75012,6.81005,1.40630,0.34974,-15.9,,,-7.4,0.0,,87.05882,0.00000,0.00000,134.9,2.97620,0.74405,4.1,1.0,4.90453,3.13456,3.02094,0.74683,77.06685,6.29091,1.57273,3.08851,1.20257,4.34467,4.17488,6.49300,1.58516,20917.867,2.28470,0.57117,880.779,119.137,9.94836,4.39574,2.31100,0.57281,105.04941,6.14122,1.53530,2.77533,1.60051,4.65443,2.71362,6.33371,1.54715,11.666344,1.60815,0.40204,-0.150323,0.046809,2.45671,-1.27213,1.62115,0.40285
2019-01-01,2328.232,1.09968,0.27492,58.808,6.392,7.75286,2.59132,1.10575,0.27530,2.8,,,12.8,18.7,1.02962,-128.00000,-99.90383,-117.61006,135.8,2.65978,0.66495,3.8,0.9,4.91118,2.87879,2.69547,0.66716,76.84804,-1.13730,-0.28433,0.91159,-0.21881,4.34183,1.20046,-1.13086,-0.28392,21111.600,3.68759,0.92190,783.047,193.733,9.95758,3.85196,3.75643,0.92616,104.34017,-2.70975,-0.67744,0.59622,-0.70924,4.64766,0.57470,-2.67337,-0.67515,11.499870,-5.74895,-1.43724,-0.144660,-0.166474,2.44234,-1.24230,-5.58682,-1.42696
2019-04-01,2355.181,4.60336,1.15084,-10.074,26.949,7.76437,-0.42592,4.71096,1.15749,-4.2,,,7.1,-7.0,,-62.83186,406.25000,-250.00000,136.8,2.93472,0.73368,4.0,1.0,4.91852,3.01205,2.97820,0.73638,75.73028,-5.86075,-1.46519,0.49771,-1.11776,4.32718,0.66156,-5.69232,-1.45451,21397.938,5.38876,1.34719,817.026,286.338,9.97105,3.96982,5.53660,1.35631,102.92245,-5.47225,-1.36806,-0.06166,-1.41772,4.63398,-0.05987,-5.32522,-1.35875,11.626952,4.39605,1.09901,0.028614,0.127082,2.45333,0.24671,4.49411,1.10507
2019-07-01,2382.038,4.53554,1.13388,68.290,26.857,7.77571,2.95149,4.63996,1.14034,-2.8,,,13.1,1.4,,-82.38994,-80.24691,-33.33333,137.9,3.20351,0.80088,4.0,1.1,4.92653,2.98730,3.25538,0.80409,77.47776,9.12514,2.28128,1.61348,1.74748,4.34999,2.12680,9.55444,2.30751,21717.171,5.92347,1.48087,918.441,319.233,9.98586,4.41585,6.10242,1.49189,104.61492,6.52416,1.63104,1.16602,1.69247,4.65029,1.12715,6.74168,1.64441,11.646524,0.67277,0.16819,0.026989,0.019572,2.45501,0.23227,0.67503,0.16833
2019-10-01,2436.478,9.03885,2.25971,114.638,54.440,7.79831,4.93738,9.45995,2.28544,5.4,,,21.3,8.2,1.68640,-133.96226,1283.38453,-292.85714,138.9,2.89019,0.72255,4.0,1.0,4.93375,2.96516,2.93236,0.72516,78.36239,4.54127,1.13532,1.29554,0.88463,4.36134,1.68106,4.64596,1.14179,21933.217,3.95960,0.98990,1015.350,216.046,9.99576,4.85398,4.03904,0.99482,105.78193,4.43741,1.10935,0.73252,1.16701,4.66138,0.69731,4.53734,1.11553,11.727526,2.77238,0.69310,0.061182,0.081002,2.46194,0.52443,2.81117,0.69550
2020-01-01,2292.324,-24.39496,-6.09874,-35.908,-144.154,7.73732,-1.54229,-21.64729,-5.91649,0.0,,,-2.8,-5.4,,-100.00000,-100.00000,-100.00000,140.3,4.01149,1.00287,4.5,1.4,4.94378,3.31370,4.09304,1.00792,79.29423,4.72851,1.18213,2.44619,0.93184,4.37317,3.18315,4.84209,1.18914,21727.657,-3.76651,-0.94163,616.057,-205.560,9.98634,2.91810,-3.69646,-0.93721,106.88595,4.15307,1.03827,2.54578,1.10402,4.67176,2.43988,4.24051,1.04368,11.587379,-4.80890,-1.20222,0.087509,-0.140147,2.44992,0.76096,-4.69510,-1.19503
2020-04-01,2150.599,-25.52790,-6.38197,-204.582,-141.725,7.67350,-8.68647,-22.52996,-6.18259,41.5,,,45.7,41.5,3.72569,-1088.09524,,,140.8,1.42298,0.35575,4.0,0.5,4.94734,2.92398,1.43316,0.35638,103.07458,104.91498,26.22874,27.34430,23.78035,4.63545,36.10749,185.52225,29.99001,19935.444,-34.43468,-8.60867,-1462.494,-1792.213,9.90025,-6.83474,-29.13169,-8.24853,132.81490,86.87762,21.71941,29.89245,25.92895,4.88896,29.04366,138.39916,24.25852,9.739372,-69.49594,-17.37398,-1.887580,-1.848007,2.27618,-16.23452,-50.09053,-15.94845
2020-07-01,2906.418,120.46999,30.11750,524.380,755.819,7.97468,22.01392,233.57580,35.14458,71.2,215.91976,53.97994,74.0,29.7,4.26549,-2642.85714,766.41824,71.56627,141.6,2.26630,0.56657,3.7,0.8,4.95301,2.68310,2.29217,0.56818,97.01666,-24.22804,-6.05701,19.53890,-6.05792,4.57488,25.21872,-21.51639,-5.87722,21684.551,33.64033,8.41008,-32.620,1749.107,9.98436,-0.15020,39.99035,8.77386,124.26077,-26.62964,-6.65741,19.64585,-8.55413,4.82238,18.77920,-23.37880,-6.44064,10.067065,13.23703,3.30926,-1.579459,0.327693,2.30927,-13.56163,14.15309,3.36462
2020-10-01,2744.601,-22.91427,-5.72857,308.123,-161.817,7.91739,12.64625,-20.47850,-5.56757,37.7,-254.33309,-63.58327,32.3,-33.5,3.62966,598.14815,-92.13959,-47.05056,142.8,3.37555,0.84389,3.9,1.2,4.96145,2.80778,3.43317,0.84746,98.10886,4.47798,1.11950,19.74647,1.09220,4.58608,25.19891,4.57976,1.12579,22068.767,7.02531,1.75633,135.550,384.216,10.00192,0.61801,7.27797,1.77184,125.73334,4.71239,1.17810,19.95141,1.47257,4.83416,18.86089,4.82519,1.18506,10.404484,13.18707,3.29677,-1.323042,0.337419,2.34224,-11.28151,14.09607,3.35171
2021-01-01,3102.768,49.06356,12.26589,810.444,358.167,8.04005,35.35469,63.33541,13.04988,5.5,-769.96480,-192.49120,5.5,-32.2,1.70475,,-99.95470,-85.41114,144.5,4.73378,1.18345,4.2,1.7,4.97328,2.99359,4.84762,1.19048,97.13141,-4.00515,-1.00129,17.83718,-0.97745,4.57606,22.49493,-3.92600,-0.99629,22656.793,10.51855,2.62964,929.136,588.026,10.02821,4.27628,11.09166,2.66452,124.16837,-5.00994,-1.25248,17.28242,-1.56497,4.82164,16.16903,-4.88651,-1.24467,9.084982,-54.24566,-13.56141,-2.502397,-1.319502,2.20662,-21.59588,-41.86816,-12.68205
2021-04-01,3447.664,42.16091,10.54023,1297.065,344.896,8.14545,60.31180,52.44126,11.11575,-15.1,,,-56.6,-20.6,,-136.38554,5581.42177,-374.54545,145.8,3.58252,0.89563,5.0,1.3,4.98224,3.55114,3.64747,0.89965,95.65521,-6.12586,-1.53146,-7.41937,-1.47620,4.56075,-7.19806,-5.94200,-1.51980,23368.861,12.37788,3.09447,3433.417,712.068,10.05916,17.22268,13.17655,3.14285,122.08313,-6.77450,-1.69363,-10.73177,-2.08524,4.80470,-8.08025,-6.55013,-1.67936,9.889169,33.92696,8.48174,0.149797,0.804187,2.29144,1.53806,40.39218,8.85183
2021-07-01,3431.102,-1.92616,-0.48154,524.684,-16.562,8.14064,18.05260,-1.90773,-0.48038,-32.4,,,-103.6,-17.3,,-145.50562,2019.68952,114.56954,148.0,5.99058,1.49765,6.4,2.2,4.99721,4.51977,6.17365,1.50892,93.24424,-10.21115,-2.55279,-3.77242,-2.41097,4.53522,-3.88842,-9.70711,-2.52048,23921.991,9.35750,2.33938,2237.440,553.130,10.08255,10.31813,9.80930,2.36695,118.84010,-10.76933,-2.69233,-5.42067,-3.24303,4.77778,-4.36233,-10.20970,-2.65641,10.057423,6.74834,1.68709,-0.009642,0.168254,2.30831,-0.09578,6.98125,1.70140
2021-10-01,3427.773,-0.38829,-0.09707,683.172,-3.329,8.13967,24.89149,-0.38753,-0.09702,-18.2,,,-55.9,14.2,,-148.27586,-90.04353,-43.82716,149.9,5.10245,1.27561,7.1,1.9,5.00997,4.97199,5.23487,1.28378,93.50726,1.12672,0.28168,-4.60160,0.26302,4.53804,-4.69030,1.13309,0.28208,24777.038,14.04767,3.51192,2708.271,855.047,10.11767,12.27196,15.08223,3.57431,119.53493,2.33190,0.58297,-6.19841,0.69483,4.78361,-4.92981,2.35930,0.58468,10.281331,8.80750,2.20188,-0.123153,0.223908,2.33033,-1.18365,9.20701,2.22630
2022-01-01,3464.217,4.23034,1.05759,361.449,36.444,8.15024,11.64924,4.32110,1.06320,-14.5,,,-20.0,3.7,,-363.63636,-59.71100,-20.32967,151.7,4.77459,1.19365,7.2,1.8,5.02190,4.98270,4.89041,1.20080,94.79601,5.47530,1.36882,-2.33540,1.28875,4.55173,-2.40437,5.62796,1.37824,25215.491,7.01648,1.75412,2558.698,438.453,10.13521,11.29329,7.26849,1.76959,120.56462,3.43090,0.85772,-3.60375,1.02969,4.79219,-2.90231,3.49043,0.86141,10.512948,8.91117,2.22779,1.427966,0.231617,2.35261,15.71787,9.32027,2.25279
2022-04-01,3674.417,23.56314,5.89078,226.753,210.200,8.20915,6.57700,26.57077,6.06775,-1.5,,,13.6,13.0,,-90.06623,-99.98855,-89.65517,154.0,6.01909,1.50477,8.2,2.3,5.03695,5.62414,6.20392,1.51615,92.74461,-8.75109,-2.18777,-2.91060,-2.05140,4.52985,-3.04280,-8.37911,-2.16402,25805.791,9.25616,2.31404,2436.930,590.300,10.15835,10.42811,9.69807,2.34102,118.45629,-7.05674,-1.76418,-3.62684,-2.10833,4.77454,-2.97080,-6.81350,-1.74871,10.719180,7.77081,1.94270,0.830011,0.206232,2.37203,8.39313,8.08071,1.96170
2022-07-01,3562.051,-12.42319,-3.10580,130.949,-112.366,8.17809,3.81653,-11.68250,-3.05806,24.2,,,56.6,25.7,3.18635,-174.69136,6774699.20198,-1713.33333,155.8,4.64821,1.16205,7.8,1.8,5.04857,5.27027,4.75794,1.16883,92.57078,-0.75042,-0.18760,-0.67346,-0.17383,4.52797,-0.72225,-0.74761,-0.18743,26272.011,7.16209,1.79052,2350.020,466.220,10.17626,9.82368,7.42480,1.80665,117.72571,-2.47464,-0.61866,-1.11439,-0.73058,4.76836,-0.93772,-2.44427,-0.61675,10.598597,-4.52521,-1.13130,0.541174,-0.120583,2.36072,5.38084,-4.42435,-1.12493
2022-10-01,3418.692,-16.43139,-4.10785,-9.081,-143.359,8.13701,-0.26492,-15.15244,-4.02462,39.1,191.90793,47.97698,57.3,14.9,3.66612,-314.83516,581.46815,61.57025,157.6,4.59482,1.14870,7.7,1.8,5.06006,5.13676,4.70201,1.15533,91.78943,-3.39056,-0.84764,-1.71783,-0.78135,4.51950,-1.83711,-3.33372,-0.84406,26734.277,6.97695,1.74424,1957.239,462.266,10.19370,7.89941,7.22610,1.75954,117.52586,-0.67961,-0.16990,-2.00907,-0.19985,4.76666,-1.68074,-0.67731,-0.16976,10.780190,6.79542,1.69886,0.498859,0.181593,2.37771,4.85209,7.03163,1.71337
2023-01-01,3539.783,13.92296,3.48074,75.566,121.091,8.17182,2.18133,14.93880,3.54203,44.8,54.43427,13.60857,59.3,5.7,3.80221,-408.96552,72.34752,14.57801,159.4,4.54264,1.13566,7.7,1.8,5.07142,5.07581,4.64739,1.14213,90.98255,-3.53177,-0.88294,-3.81346,-0.80688,4.51067,-4.02281,-3.47013,-0.87906,27164.359,6.38370,1.59593,1948.868,430.082,10.20966,7.72885,6.59187,1.60873,115.80777,-5.89069,-1.47267,-4.75685,-1.71809,4.75193,-3.94548,-5.72055,-1.46188,10.635344,-5.41096,-1.35274,0.122396,-0.144846,2.36418,1.16424,-5.26717,-1.34363
2023-04-01,3597.344,6.45215,1.61304,-77.073,57.561,8.18795,-2.09756,6.66485,1.62612,46.0,10.57330,2.64333,47.5,1.2,3.82864,-3166.66667,11.15251,2.67857,161.1,4.24341,1.06085,7.1,1.7,5.08203,4.61039,4.33473,1.06650,92.81797,7.98901,1.99725,0.07336,1.83542,4.53064,0.07910,8.31681,2.01733,27453.815,4.23974,1.05994,1648.024,289.456,10.22026,6.38626,4.33090,1.06557,117.76969,6.71971,1.67993,-0.68660,1.96192,4.76873,-0.57962,6.95063,1.69412,10.675248,1.49800,0.37450,-0.043932,0.039904,2.36793,-0.40984,1.50927,0.37520
2023-07-01,3748.928,16.50965,4.12741,186.877,151.584,8.22923,5.24633,17.95070,4.21378,50.8,39.70198,9.92550,26.6,4.8,3.92790,109.91736,48.73854,10.43478,162.7,3.95309,0.98827,6.9,1.6,5.09191,4.42875,4.03226,0.99317,94.21405,5.97162,1.49291,1.64327,1.39608,4.54557,1.77515,6.15353,1.50411,27967.697,7.41801,1.85450,1695.686,513.882,10.23881,6.45434,7.70008,1.87181,118.59158,2.78182,0.69546,0.86587,0.82189,4.77569,0.73550,2.82087,0.69788,10.866162,7.09031,1.77258,0.267565,0.190914,2.38565,2.52453,7.34772,1.78838
2023-10-01,3887.693,14.53840,3.63460,469.001,138.765,8.26557,13.71873,15.64835,3.70146,33.9,-161.79254,-40.44813,-5.2,-16.9,3.52342,-13.29923,-80.16903,-33.26772,164.4,4.15779,1.03945,6.8,1.7,5.10230,4.31472,4.24543,1.04487,95.27603,4.48357,1.12089,3.48660,1.06198,4.55678,3.79848,4.58561,1.12720,28296.967,4.68178,1.17045,1562.690,329.270,10.25051,5.84527,4.79311,1.17732,120.15950,5.25382,1.31345,2.63364,1.56792,4.78882,2.24090,5.39428,1.32212,11.230787,13.20212,3.30053,0.450597,0.364625,2.41866,4.17986,14.11325,3.35560
2024-01-01,3962.994,7.67355,1.91839,423.211,75.301,8.28476,11.95585,7.97565,1.93691,14.5,-339.70655,-84.92664,-30.3,-19.4,2.67415,-67.63393,-96.65287,-57.22714,166.2,4.35576,1.08894,6.8,1.8,5.11319,4.26600,4.45202,1.09489,96.18976,3.81786,0.95446,5.20721,0.91373,4.56632,5.72331,3.89168,0.95903,28624.069,4.59732,1.14933,1459.710,327.102,10.26200,5.37362,4.70464,1.15596,120.83025,2.22666,0.55666,5.02248,0.67075,4.79439,4.33691,2.25163,0.55822,11.160256,-2.51998,-0.63000,0.524912,-0.070531,2.41236,4.93554,-2.48849,-0.62801
2024-04-01,4088.703,12.49120,3.12280,491.359,125.709,8.31598,13.65894,13.30488,3.17207,15.6,29.24891,7.31223,-30.4,1.1,2.74727,-66.08696,33.97581,7.58621,167.6,3.35532,0.83883,6.5,1.4,5.12158,4.03476,3.41225,0.84236,95.23514,-3.98957,-0.99739,2.41717,-0.95462,4.55635,2.60420,-3.91103,-0.99243,29016.714,5.44963,1.36241,1562.899,392.645,10.27563,5.69283,5.60086,1.37173,120.03990,-2.62499,-0.65625,2.27021,-0.79035,4.78782,1.92767,-2.59084,-0.65410,11.159134,-0.04022,-0.01005,0.483886,-0.001122,2.41226,4.53278,-0.04021,-0.01005
2024-07-01,4076.715,-1.17452,-0.29363,327.787,-11.988,8.31305,8.74349,-1.16764,-0.29320,7.9,-272.16326,-68.04082,-42.9,-7.7,2.06686,-84.44882,-93.42327,-49.35897,168.9,3.09065,0.77266,6.2,1.3,5.12931,3.81069,3.13891,0.77566,96.42825,4.98009,1.24502,2.21420,1.19311,4.56880,2.35018,5.10618,1.25280,29374.914,4.90761,1.22690,1407.217,358.200,10.28790,5.03158,5.03003,1.23446,120.73116,2.29683,0.57421,2.13958,0.69126,4.79357,1.80416,2.32341,0.57586,11.298014,4.94744,1.23686,0.431852,0.138880,2.42463,3.97428,5.07187,1.24454
2024-10-01,,,,,,,,,,0.0,,,-33.9,-7.9,,-100.00000,-100.00000,-100.00000,170.4,3.53672,0.88418,6.0,1.5,5.13815,3.64964,3.60000,0.88810,,,,,,,,,,29700.580,4.41021,1.10255,1403.613,325.666,10.29892,4.96029,4.50891,1.10865,,,,,,,,,,,,,,,,,,
2025-01-01,,,,,,,,,,6.2,,,-8.3,6.2,1.82455,-57.24138,,,,,,,,,,,,,,,,,,,,,,,,,,,,,,,,,,,,,,,,,,,,,,,
